date,members,names,rank_ic,size_rank_corr,period
2020-04-30,300,253,0.026885493230468127,-0.28763203018595007,discovery_2020_23
2020-05-29,300,265,-0.18905002643830848,-0.242802976566631,discovery_2020_23
2020-06-30,300,271,-0.05485191616622048,-0.24456684272725082,discovery_2020_23
2020-07-31,300,271,-0.09018527975864442,-0.24817970238525913,discovery_2020_23
2020-08-31,300,270,0.08191029627144748,-0.25155931113214475,discovery_2020_23
2020-09-30,300,271,-0.03134963702578202,-0.2431999614113788,discovery_2020_23
2020-10-30,300,272,0.18150890784925944,-0.24209933760617497,discovery_2020_23
2020-11-30,300,250,-0.21541016656266498,-0.18133883742139872,discovery_2020_23
2020-12-31,300,249,-0.12294520015546055,-0.19641507967353283,discovery_2020_23
2021-01-29,300,249,0.11354840916214927,-0.20453245239020598,discovery_2020_23
2021-02-26,300,250,0.2531687226995632,-0.19280756492103873,discovery_2020_23
2021-03-31,300,261,-0.054240319652270164,-0.16856527696222354,discovery_2020_23
2021-04-30,300,291,-0.05081787590881866,-0.13289375648286578,discovery_2020_23
2021-05-31,300,270,-0.05693212821418309,-0.07374495306291352,discovery_2020_23
2021-06-30,300,269,-0.0031170048148353646,-0.08270666494047729,discovery_2020_23
2021-07-30,300,268,0.23551554287374368,-0.08781413512197585,discovery_2020_23
2021-08-31,300,269,0.013479081346110524,-0.05485090039270808,discovery_2020_23
2021-09-30,300,269,-0.1135018833959077,-0.053444056051835005,discovery_2020_23
2021-10-29,300,267,-0.05823957018087533,-0.05495102001187775,discovery_2020_23
2021-11-30,300,240,0.15850886267749434,-0.004650254344693484,discovery_2020_23
2021-12-31,300,245,0.17448452751237167,0.017654162824666055,discovery_2020_23
2022-01-28,300,245,0.14362094827802818,0.038396886143501785,discovery_2020_23
2022-02-28,300,244,0.07908999665439946,0.03752524689292838,discovery_2020_23
2022-03-31,300,257,0.21339454104029043,0.09102470930232556,discovery_2020_23
2022-04-29,300,284,-0.18812662862093849,0.11642127266107338,discovery_2020_23
2022-05-31,300,266,-0.34433832264650654,0.0956434971252596,discovery_2020_23
2022-06-30,300,267,0.15967829182212617,0.057390877831842727,discovery_2020_23
2022-07-29,300,265,0.0983305809532059,0.06183146545609308,discovery_2020_23
2022-08-31,300,266,0.20729850915182807,0.06979681554957991,discovery_2020_23
2022-09-30,300,266,0.00589325856934987,0.08196588567029191,discovery_2020_23
2022-10-31,300,266,0.1559220289434632,0.09514553821483963,discovery_2020_23
2022-11-30,300,252,-0.1378758542910279,0.1404178130317053,discovery_2020_23
2022-12-30,300,254,-0.27262448492093383,0.12757955941394328,discovery_2020_23
2023-01-31,300,254,0.2583201824889999,0.10829819836807772,discovery_2020_23
2023-02-28,300,254,0.13771087844430976,0.13657508691441467,discovery_2020_23
2023-03-31,300,266,0.3030519907995556,0.18511670314221002,discovery_2020_23
2023-04-28,300,288,0.17500933121208503,0.1625820342484196,discovery_2020_23
2023-05-31,300,285,-0.14659913844495015,0.129069447972339,discovery_2020_23
2023-06-30,300,287,0.27245264897703925,0.10979518449030644,discovery_2020_23
2023-07-31,300,286,0.20544359363358075,0.1321279490727501,discovery_2020_23
2023-08-31,300,287,0.17378404116208995,0.15371924823144334,discovery_2020_23
2023-09-28,300,287,0.01589469460253249,0.16706667316423415,discovery_2020_23
2023-10-31,300,287,0.2457251388121125,0.16904132452912943,discovery_2020_23
2023-11-30,300,273,-0.1143912957126333,0.1901242810431303,discovery_2020_23
2023-12-29,300,275,0.3213274748748591,0.1729701970514411,discovery_2020_23
2024-01-31,300,275,-0.2987923456900215,0.2123799082542339,review_2024_25
2024-02-29,300,275,0.06560227137161018,0.20146504717117222,review_2024_25
2024-03-29,300,280,-0.028209551199511032,0.1860936637311336,review_2024_25
2024-04-30,300,296,0.13164304520236722,0.04178060957721974,review_2024_25
2024-05-31,300,286,0.15406647268007986,0.04749422592811552,review_2024_25
2024-06-28,300,286,-0.00685655807607027,0.0646375447402405,review_2024_25
2024-07-31,300,283,0.0623219135172932,0.052865875805165545,review_2024_25
2024-08-30,300,281,-0.07185096647881534,0.051816677303161744,review_2024_25
2024-09-30,300,282,-0.06615749598470241,0.04539647435065622,review_2024_25
2024-10-31,300,284,-0.00030463611373378704,0.03235586103565787,review_2024_25
2024-11-29,300,267,0.12241025168993253,0.04654202166492871,review_2024_25
2024-12-31,300,268,-0.09374538277244993,0.06738954656565549,review_2024_25
2025-01-27,300,267,-0.14803011303423727,0.056960908055817897,review_2024_25
2025-02-28,300,268,0.03420941440765406,0.047838373813236135,review_2024_25
2025-03-31,300,276,0.1113637712725578,0.0037739187511593732,review_2024_25
2025-04-30,300,294,-0.06455367053155942,-0.13341888383744777,review_2024_25
2025-05-30,300,287,-0.12103954493671376,-0.0989615059737011,review_2024_25
2025-06-30,300,289,0.07309913210176996,-0.12925416616951038,review_2024_25
2025-07-31,300,285,-0.24881575059484623,-0.12515927363962945,review_2024_25
2025-08-29,300,286,-0.12841305036426987,-0.1622934190328285,review_2024_25
2025-09-30,300,288,0.1909484982400294,-0.19294475322410173,review_2024_25
2025-10-31,300,286,0.0007876590675050239,-0.1824950402614074,review_2024_25
2025-11-28,300,275,-0.0658991468652306,-0.14768991085081218,review_2024_25
2025-12-31,300,277,-0.04352823488743366,-0.1382867963986996,review_2024_25
2026-01-30,300,276,0.11790843708115546,-0.15996518314521768,seen_2026
2026-02-27,300,277,0.005614187829264041,-0.154991310671444,seen_2026
2026-03-31,300,283,-0.24034992603542463,-0.18179772568196187,seen_2026
2026-04-30,300,298,-0.23962527113971527,-0.2187208440491195,seen_2026
2026-05-29,300,280,-0.268976280674134,-0.2222045470696601,seen_2026
2026-06-30,300,281,0.3227428095490486,-0.2467084554727471,seen_2026
2026-07-31,300,281,-0.1874969155286872,-0.2142478555744248,seen_2026
