date,quintile,names,valid_returns,gross_excess_bps,year
2020-01-16,1,56,56,-76.89279196402777,2020
2020-01-16,2,57,57,16.15043776879363,2020
2020-01-16,3,57,57,-49.91814573693992,2020
2020-01-16,4,57,57,7.283811936684565,2020
2020-01-16,5,57,57,102.0276916452438,2020
2020-01-23,1,47,47,-129.80606704111392,2020
2020-01-23,2,48,48,-49.94760841520285,2020
2020-01-23,3,48,48,-162.5168353970182,2020
2020-01-23,4,48,48,141.6875727143836,2020
2020-01-23,5,48,48,197.8786450755958,2020
2020-02-07,1,58,58,-132.32277826183443,2020
2020-02-07,2,58,58,-49.581087168848114,2020
2020-02-07,3,58,58,47.64601873423896,2020
2020-02-07,4,58,58,53.144780468403695,2020
2020-02-07,5,59,59,79.73826849536111,2020
2020-02-14,1,56,56,275.45066189473056,2020
2020-02-14,2,56,56,23.749057798733084,2020
2020-02-14,3,56,56,-109.89350408048544,2020
2020-02-14,4,56,56,-89.71278714291722,2020
2020-02-14,5,57,57,-97.84617533900739,2020
2020-02-21,1,53,53,-71.09115844389154,2020
2020-02-21,2,53,53,-6.265720669864846,2020
2020-02-21,3,54,54,66.37091032373685,2020
2020-02-21,4,53,53,-104.70775882715778,2020
2020-02-21,5,54,54,112.32216024790087,2020
2020-02-28,1,58,58,41.018734225362444,2020
2020-02-28,2,58,58,54.3596617615234,2020
2020-02-28,3,58,58,27.283310004551815,2020
2020-02-28,4,58,57,-10.770347434733498,2020
2020-02-28,5,58,58,-112.07705420213064,2020
2020-03-06,1,58,58,-99.70410046278099,2020
2020-03-06,2,58,57,22.94208218026894,2020
2020-03-06,3,58,58,-126.484397322391,2020
2020-03-06,4,58,58,164.69363488984615,2020
2020-03-06,5,59,58,38.94833385609621,2020
2020-03-13,1,54,54,-25.735993860635244,2020
2020-03-13,2,55,55,-0.004235990698764347,2020
2020-03-13,3,54,54,22.71649464414938,2020
2020-03-13,4,55,55,96.12145653385723,2020
2020-03-13,5,55,55,-93.15262131242716,2020
2020-03-20,1,41,41,110.79560350045543,2020
2020-03-20,2,41,40,8.245777361995353,2020
2020-03-20,3,41,41,101.99290890284495,2020
2020-03-20,4,41,41,32.26052826366715,2020
2020-03-20,5,41,41,-253.09370150793853,2020
2020-03-27,1,56,56,179.8133816825196,2020
2020-03-27,2,56,56,15.701928122980775,2020
2020-03-27,3,57,57,-1.1542956729807332,2020
2020-03-27,4,56,56,-82.52010118413097,2020
2020-03-27,5,57,57,-109.85854086731202,2020
2020-04-03,1,56,56,-44.8082427873635,2020
2020-04-03,2,56,56,43.04551135284196,2020
2020-04-03,3,56,56,-19.64012956715868,2020
2020-04-03,4,56,56,30.10991772023434,2020
2020-04-03,5,57,57,-8.55430133752685,2020
2020-04-13,1,56,56,-3.491928254909307,2020
2020-04-13,2,56,56,39.15306712444232,2020
2020-04-13,3,57,57,54.205955089503405,2020
2020-04-13,4,56,56,-0.60577859808425,2020
2020-04-13,5,57,57,-88.64630904040051,2020
2020-04-20,1,58,58,168.85621088224283,2020
2020-04-20,2,59,58,12.322600923520104,2020
2020-04-20,3,59,59,-45.99244445486051,2020
2020-04-20,4,59,59,-44.76122062414826,2020
2020-04-20,5,59,59,-87.35431940801239,2020
2020-04-27,1,56,56,-69.61857982055814,2020
2020-04-27,2,57,57,-16.095572380805667,2020
2020-04-27,3,56,56,52.4270503668571,2020
2020-04-27,4,57,57,8.312537740095827,2020
2020-04-27,5,57,57,24.67295831452124,2020
2020-05-07,1,57,57,15.799601871077153,2020
2020-05-07,2,57,56,-37.635343841443756,2020
2020-05-07,3,57,57,22.4285279510141,2020
2020-05-07,4,57,57,15.716512342577623,2020
2020-05-07,5,58,58,-16.6769887631944,2020
2020-05-14,1,57,57,82.52900984431106,2020
2020-05-14,2,57,57,-32.3455334526814,2020
2020-05-14,3,57,57,-44.581140993299584,2020
2020-05-14,4,57,57,-8.0491077480767,2020
2020-05-14,5,58,58,2.404586619578607,2020
2020-05-21,1,55,55,-11.62001797352567,2020
2020-05-21,2,55,55,-81.37927432376871,2020
2020-05-21,3,55,55,-1.4043225343621581,2020
2020-05-21,4,55,55,55.4429235592595,2020
2020-05-21,5,56,56,38.264964642532874,2020
2020-05-28,1,54,54,1.6946632765648535,2020
2020-05-28,2,55,55,-65.33294483400401,2020
2020-05-28,3,54,53,37.54028226016608,2020
2020-05-28,4,55,55,57.61745189377783,2020
2020-05-28,5,55,55,-30.123539363834105,2020
2020-06-04,1,58,58,-57.624900966968156,2020
2020-06-04,2,58,58,28.736089106837415,2020
2020-06-04,3,58,58,15.690243338839904,2020
2020-06-04,4,58,57,60.08484803439869,2020
2020-06-04,5,59,59,-45.07320955467554,2020
2020-06-11,1,57,57,-44.48648877576015,2020
2020-06-11,2,57,57,46.751765141413436,2020
2020-06-11,3,57,57,31.772712221362493,2020
2020-06-11,4,57,57,-28.554136375468325,2020
2020-06-11,5,57,57,-5.483852211547527,2020
2020-06-18,1,51,51,-106.10835384027416,2020
2020-06-18,2,51,51,76.81708887115491,2020
2020-06-18,3,51,51,-39.59814984123343,2020
2020-06-18,4,51,51,34.1403530460458,2020
2020-06-18,5,51,51,34.74906176430682,2020
2020-06-29,1,53,53,-396.59409104427016,2020
2020-06-29,2,53,53,-205.5042475334362,2020
2020-06-29,3,53,53,141.77666640483895,2020
2020-06-29,4,53,53,71.97003209446746,2020
2020-06-29,5,53,53,388.351640078399,2020
2020-07-06,1,53,53,446.3005985307441,2020
2020-07-06,2,54,54,45.38825132887829,2020
2020-07-06,3,53,53,-79.21912331862755,2020
2020-07-06,4,54,54,-97.64644346350579,2020
2020-07-06,5,54,54,-308.02547798096856,2020
2020-07-13,1,50,50,100.4247771916635,2020
2020-07-13,2,51,51,-66.37466432956919,2020
2020-07-13,3,51,51,82.76488648793962,2020
2020-07-13,4,51,51,-65.7065921721078,2020
2020-07-13,5,51,50,-50.1220797776512,2020
2020-07-20,1,51,51,46.27462550370262,2020
2020-07-20,2,51,51,-81.88387601466663,2020
2020-07-20,3,52,52,-121.24455704052798,2020
2020-07-20,4,51,51,0.9356131423871733,2020
2020-07-20,5,52,52,155.25139369047866,2020
2020-07-27,1,59,59,-99.33958517390471,2020
2020-07-27,2,59,59,-130.6033854190087,2020
2020-07-27,3,59,58,-15.119891035633714,2020
2020-07-27,4,59,59,92.7975957566108,2020
2020-07-27,5,59,59,152.00899653234887,2020
2020-08-03,1,59,59,-11.635398864244676,2020
2020-08-03,2,59,59,-78.62557871573864,2020
2020-08-03,3,59,59,56.62543702586502,2020
2020-08-03,4,59,59,32.68419009800715,2020
2020-08-03,5,59,59,0.9513504561111177,2020
2020-08-10,1,57,57,-32.85924618125296,2020
2020-08-10,2,57,57,-94.75812258145622,2020
2020-08-10,3,57,57,-4.575604882272877,2020
2020-08-10,4,57,57,45.17616862742959,2020
2020-08-10,5,58,58,85.51651527587033,2020
2020-08-17,1,55,55,141.64205509428783,2020
2020-08-17,2,55,55,4.730457098575391,2020
2020-08-17,3,55,55,-22.571957917952684,2020
2020-08-17,4,55,55,-70.74533732284326,2020
2020-08-17,5,55,55,-53.05521695206724,2020
2020-08-24,1,59,59,-77.7703158985253,2020
2020-08-24,2,59,59,81.69729815308948,2020
2020-08-24,3,60,60,-17.077831936234354,2020
2020-08-24,4,59,59,39.32022881827172,2020
2020-08-24,5,60,60,-25.448592285387594,2020
2020-08-31,1,51,51,10.439865000494049,2020
2020-08-31,2,52,52,-51.016053280511336,2020
2020-08-31,3,52,52,-68.23681920723756,2020
2020-08-31,4,52,52,0.07411378800947777,2020
2020-08-31,5,52,52,108.93966033387014,2020
2020-09-07,1,58,58,24.69921378872239,2020
2020-09-07,2,58,58,-4.990982214207566,2020
2020-09-07,3,58,58,14.435813991874376,2020
2020-09-07,4,58,58,-58.27998986846983,2020
2020-09-07,5,58,58,24.13594430208067,2020
2020-09-14,1,49,49,-103.71389471256808,2020
2020-09-14,2,50,50,20.480587131232795,2020
2020-09-14,3,49,49,0.6072530122322624,2020
2020-09-14,4,50,50,-7.227994150164879,2020
2020-09-14,5,50,49,89.58358763802164,2020
2020-09-21,1,57,57,115.55946735756673,2020
2020-09-21,2,57,57,-7.155531413943206,2020
2020-09-21,3,57,57,-48.56543392948508,2020
2020-09-21,4,57,57,-33.81286018166195,2020
2020-09-21,5,58,58,-25.576923869847604,2020
2020-10-20,1,56,56,114.53508938317732,2020
2020-10-20,2,56,56,56.54407832186796,2020
2020-10-20,3,56,56,-52.0221883294468,2020
2020-10-20,4,56,56,-53.99579528232244,2020
2020-10-20,5,57,57,-63.91975981093784,2020
2020-10-27,1,56,56,132.6282544090905,2020
2020-10-27,2,56,56,-30.10287653185388,2020
2020-10-27,3,56,56,-81.86145362479118,2020
2020-10-27,4,56,56,25.208826613552002,2020
2020-10-27,5,56,56,-45.872750865997425,2020
2020-11-03,1,54,54,32.80494630106559,2020
2020-11-03,2,55,55,-74.66435962057517,2020
2020-11-03,3,55,55,84.14917270997226,2020
2020-11-03,4,55,55,-82.09687668962881,2020
2020-11-03,5,55,55,40.4035708682765,2020
2020-11-10,1,54,54,39.27015672101203,2020
2020-11-10,2,55,55,-32.9706881880125,2020
2020-11-10,3,54,54,16.687462141813878,2020
2020-11-10,4,55,55,73.39952567721816,2020
2020-11-10,5,55,55,-95.36904509998018,2020
2020-11-17,1,57,57,-22.90574649516857,2020
2020-11-17,2,57,57,-26.666915394816698,2020
2020-11-17,3,57,57,-3.212339304955077,2020
2020-11-17,4,57,57,11.111216818621983,2020
2020-11-17,5,57,57,41.673784376318295,2020
2020-11-24,1,58,58,-5.253152304705004,2020
2020-11-24,2,58,58,-19.721948687596388,2020
2020-11-24,3,58,57,-56.44078987113659,2020
2020-11-24,4,58,58,45.82770774310614,2020
2020-11-24,5,59,59,34.02837001878151,2020
2020-12-08,1,55,55,89.89260797594673,2020
2020-12-08,2,56,56,5.699003473153795,2020
2020-12-08,3,56,56,-14.387374365097232,2020
2020-12-08,4,56,55,-2.14750550959094,2020
2020-12-08,5,56,56,-77.48985474465589,2020
2020-12-15,1,40,40,36.67095844152836,2020
2020-12-15,2,41,41,-82.27215360235705,2020
2020-12-15,3,40,40,-24.53903157264032,2020
2020-12-15,4,41,41,37.77903628193281,2020
2020-12-15,5,41,41,32.65709110687492,2020
2020-12-22,1,51,51,31.03217391967816,2020
2020-12-22,2,52,52,63.88737475829744,2020
2020-12-22,3,51,51,-50.84829563972576,2020
2020-12-22,4,52,52,-53.92846193819335,2020
2020-12-22,5,52,52,9.47612963609644,2020
2020-12-29,1,53,53,-144.92553803454885,2020
2020-12-29,2,53,53,15.618292547023987,2020
2020-12-29,3,53,53,58.413518903857735,2020
2020-12-29,4,53,53,43.327269438859226,2020
2020-12-29,5,53,53,27.56645714480782,2020
2021-01-06,1,54,54,28.331370233145424,2021
2021-01-06,2,55,55,161.57136748562436,2021
2021-01-06,3,54,54,-24.00749869948515,2021
2021-01-06,4,55,55,-67.32513212075304,2021
2021-01-06,5,55,55,-98.49149105246515,2021
2021-01-13,1,52,52,71.98386919223334,2021
2021-01-13,2,53,53,80.534775807716,2021
2021-01-13,3,52,52,-80.17416593715843,2021
2021-01-13,4,53,53,-55.92205203517546,2021
2021-01-13,5,53,53,-16.576960928463116,2021
2021-01-20,1,56,56,221.00024540836083,2021
2021-01-20,2,56,56,91.71224230376694,2021
2021-01-20,3,56,56,-116.91564640689184,2021
2021-01-20,4,56,56,-94.03084787040567,2021
2021-01-20,5,56,56,-101.76599343483008,2021
2021-01-27,1,53,53,-146.61635482721462,2021
2021-01-27,2,53,53,100.34031237982329,2021
2021-01-27,3,54,54,-114.81305696526114,2021
2021-01-27,4,53,53,70.19875532056362,2021
2021-01-27,5,54,54,91.33335729344384,2021
2021-02-03,1,48,48,-153.71446879673547,2021
2021-02-03,2,48,48,-28.708973042192095,2021
2021-02-03,3,48,48,264.8523145059992,2021
2021-02-03,4,48,48,144.21180675218054,2021
2021-02-03,5,48,47,-231.46282153455584,2021
2021-02-10,1,51,51,39.66717681984755,2021
2021-02-10,2,52,52,68.32593494137902,2021
2021-02-10,3,52,52,52.20083972828741,2021
2021-02-10,4,52,51,-137.51456026473673,2021
2021-02-10,5,52,52,-24.56107167564031,2021
2021-02-24,1,54,54,-68.52133831668982,2021
2021-02-24,2,54,54,-33.561586780873675,2021
2021-02-24,3,54,54,-67.29829553355938,2021
2021-02-24,4,54,54,74.65432730216136,2021
2021-02-24,5,54,53,96.51419320309294,2021
2021-03-03,1,52,52,-159.93402639571093,2021
2021-03-03,2,52,52,23.617339285869342,2021
2021-03-03,3,53,53,47.75425543519229,2021
2021-03-03,4,52,52,22.085312373952696,2021
2021-03-03,5,53,53,64.32181034341608,2021
2021-03-10,1,54,54,59.46673383047305,2021
2021-03-10,2,54,54,31.02166669940405,2021
2021-03-10,3,55,55,-54.82846076918131,2021
2021-03-10,4,54,54,-6.404244738304615,2021
2021-03-10,5,55,55,-27.726892189817235,2021
2021-03-17,1,53,53,-141.89336045593754,2021
2021-03-17,2,53,53,-41.405908018325164,2021
2021-03-17,3,54,54,-76.32058982560474,2021
2021-03-17,4,53,53,75.88179268380968,2021
2021-03-17,5,54,54,181.74885310141946,2021
2021-03-24,1,56,56,128.22182074909028,2021
2021-03-24,2,56,56,-127.25547475246394,2021
2021-03-24,3,57,57,11.851504248473407,2021
2021-03-24,4,56,55,1.8991547165239306,2021
2021-03-24,5,57,57,-14.633414515489024,2021
2021-03-31,1,57,57,28.187085052209863,2021
2021-03-31,2,57,57,21.761735746143753,2021
2021-03-31,3,58,58,14.400996874829424,2021
2021-03-31,4,57,56,-33.14527038932766,2021
2021-03-31,5,58,58,-31.486301076619224,2021
2021-04-08,1,57,57,-43.329841599471614,2021
2021-04-08,2,57,57,10.965600285637693,2021
2021-04-08,3,57,57,60.31378892482738,2021
2021-04-08,4,57,57,-79.17828789739394,2021
2021-04-08,5,57,57,51.22874028640041,2021
2021-04-15,1,50,50,-29.434951033454443,2021
2021-04-15,2,50,50,35.41664515743944,2021
2021-04-15,3,50,50,-34.445794730490825,2021
2021-04-15,4,50,50,3.6823001906068424,2021
2021-04-15,5,50,50,24.781800415898946,2021
2021-04-22,1,58,58,61.69187088487654,2021
2021-04-22,2,58,58,80.71013491228636,2021
2021-04-22,3,58,58,-18.570584367373694,2021
2021-04-22,4,58,58,10.12827963177071,2021
2021-04-22,5,58,58,-133.9597010615599,2021
2021-04-29,1,54,54,-75.78578382871886,2021
2021-04-29,2,54,53,7.541619305654473,2021
2021-04-29,3,54,54,-39.383212080647304,2021
2021-04-29,4,54,54,-69.51053312194685,2021
2021-04-29,5,54,54,177.27756934242993,2021
2021-05-11,1,53,53,69.68015370961925,2021
2021-05-11,2,54,54,19.130057396071106,2021
2021-05-11,3,53,53,67.47347352589676,2021
2021-05-11,4,54,54,-42.50697562035395,2021
2021-05-11,5,54,53,-113.33563508247306,2021
2021-05-18,1,57,57,-91.15960238845226,2021
2021-05-18,2,58,58,-8.371026691685394,2021
2021-05-18,3,57,57,-95.95453853509255,2021
2021-05-18,4,58,58,40.795548462431306,2021
2021-05-18,5,58,58,151.46351327480676,2021
2021-05-25,1,57,57,43.061455460715536,2021
2021-05-25,2,57,57,-27.904084579365858,2021
2021-05-25,3,57,57,12.611065483234592,2021
2021-05-25,4,57,57,-39.777424832356985,2021
2021-05-25,5,57,57,12.008988467772618,2021
2021-06-01,1,57,57,-46.442341053693525,2021
2021-06-01,2,57,57,-29.583022888088824,2021
2021-06-01,3,57,57,11.598214158141142,2021
2021-06-01,4,57,57,-32.20024340376854,2021
2021-06-01,5,57,57,96.62739318740975,2021
2021-06-08,1,56,56,-13.321563712451745,2021
2021-06-08,2,56,56,32.72223136760906,2021
2021-06-08,3,56,55,-11.912642352391382,2021
2021-06-08,4,56,54,-100.55018764859355,2021
2021-06-08,5,57,57,87.69242234590808,2021
2021-06-16,1,47,47,-38.767000801174376,2021
2021-06-16,2,48,48,-8.829210135198814,2021
2021-06-16,3,47,47,8.108350652380574,2021
2021-06-16,4,48,48,68.70946937156886,2021
2021-06-16,5,48,48,-29.860330965676177,2021
2021-06-23,1,46,46,64.04047904576254,2021
2021-06-23,2,47,47,-42.73662673498612,2021
2021-06-23,3,47,47,93.0397522564995,2021
2021-06-23,4,47,47,32.216917227507366,2021
2021-06-23,5,47,47,-145.19795841083095,2021
2021-06-30,1,57,57,-58.588097252627435,2021
2021-06-30,2,57,57,112.49509889415123,2021
2021-06-30,3,57,57,81.75304800806461,2021
2021-06-30,4,57,57,-77.94288612679826,2021
2021-06-30,5,58,58,-56.722040013776535,2021
2021-07-07,1,54,54,-16.33171326813696,2021
2021-07-07,2,54,54,-2.2084873552797104,2021
2021-07-07,3,54,54,53.953947050683944,2021
2021-07-07,4,54,54,57.24234203253296,2021
2021-07-07,5,55,55,-90.97143230598573,2021
2021-07-14,1,54,54,40.717620550532956,2021
2021-07-14,2,55,55,-50.047658067839585,2021
2021-07-14,3,55,55,4.534406922505531,2021
2021-07-14,4,55,55,-24.903686483827986,2021
2021-07-14,5,55,55,30.43963745227513,2021
2021-07-21,1,54,54,-156.84073585640556,2021
2021-07-21,2,55,55,-57.863071925979696,2021
2021-07-21,3,54,54,133.03724184064913,2021
2021-07-21,4,55,54,-100.04103753784382,2021
2021-07-21,5,55,55,179.45588472405987,2021
2021-07-28,1,49,49,-146.02942196187408,2021
2021-07-28,2,50,50,-76.25785157297494,2021
2021-07-28,3,50,50,125.45810277852222,2021
2021-07-28,4,50,50,55.7913930733726,2021
2021-07-28,5,50,50,38.11718924371679,2021
2021-08-04,1,57,57,10.20546243074209,2021
2021-08-04,2,57,57,123.45530613518552,2021
2021-08-04,3,57,57,-36.85361569016849,2021
2021-08-04,4,57,57,-129.1030258015255,2021
2021-08-04,5,57,57,32.29587292576635,2021
2021-08-11,1,58,58,-184.35217309280895,2021
2021-08-11,2,58,58,-39.290921081364395,2021
2021-08-11,3,58,58,-57.876381861261,2021
2021-08-11,4,58,58,98.85440740705293,2021
2021-08-11,5,59,59,179.56905051603593,2021
2021-08-18,1,55,55,196.01278255287582,2021
2021-08-18,2,55,55,19.917655227890588,2021
2021-08-18,3,56,56,5.353595843380554,2021
2021-08-18,4,55,55,-160.95268473911017,2021
2021-08-18,5,56,56,-59.3496032950072,2021
2021-08-25,1,57,57,-347.883853015211,2021
2021-08-25,2,57,57,-62.202055601651345,2021
2021-08-25,3,57,57,71.66850362159771,2021
2021-08-25,4,57,57,111.11484894987252,2021
2021-08-25,5,57,57,227.302556045392,2021
2021-09-01,1,51,51,-116.36178715822703,2021
2021-09-01,2,52,52,48.2328972146822,2021
2021-09-01,3,51,51,-45.645358501920605,2021
2021-09-01,4,52,52,65.5495246122801,2021
2021-09-01,5,52,52,45.109201801259296,2021
2021-09-08,1,56,56,-71.5393265518334,2021
2021-09-08,2,56,56,-51.248783371032545,2021
2021-09-08,3,56,56,85.69904991741605,2021
2021-09-08,4,56,56,11.031851120322928,2021
2021-09-08,5,57,57,25.600064869598302,2021
2021-09-15,1,56,56,201.65890543993535,2021
2021-09-15,2,57,57,-15.109671459574034,2021
2021-09-15,3,57,56,-10.544948379992542,2021
2021-09-15,4,57,57,-108.5469517831603,2021
2021-09-15,5,57,57,-64.10445737756041,2021
2021-09-24,1,51,51,173.77442459265671,2021
2021-09-24,2,52,52,68.35403883466009,2021
2021-09-24,3,52,52,-44.11263200034092,2021
2021-09-24,4,52,52,-51.88270693730566,2021
2021-09-24,5,52,52,-142.7913086321192,2021
2021-10-08,1,55,55,119.37477150551666,2021
2021-10-08,2,55,55,102.89864012308422,2021
2021-10-08,3,55,55,-105.22191149181533,2021
2021-10-08,4,55,55,16.733081785609404,2021
2021-10-08,5,56,56,-131.39557153092366,2021
2021-10-15,1,55,55,62.54570972159181,2021
2021-10-15,2,55,55,-66.29654245459871,2021
2021-10-15,3,56,56,-46.58732866046827,2021
2021-10-15,4,55,55,4.3866648079980655,2021
2021-10-15,5,56,56,45.962850729673384,2021
2021-10-22,1,55,55,-117.58859247408066,2021
2021-10-22,2,56,56,126.07296550514054,2021
2021-10-22,3,55,55,-21.53198017540772,2021
2021-10-22,4,56,56,84.51921890135876,2021
2021-10-22,5,56,56,-73.95590769718038,2021
2021-10-29,1,55,55,30.771484274423155,2021
2021-10-29,2,56,56,-12.239655960011875,2021
2021-10-29,3,56,56,-29.731981766964722,2021
2021-10-29,4,56,56,46.0237174451621,2021
2021-10-29,5,56,56,-34.27407320199396,2021
2021-11-05,1,53,53,45.54523792828936,2021
2021-11-05,2,54,54,27.14744271935996,2021
2021-11-05,3,53,53,-29.017543334338825,2021
2021-11-05,4,54,54,-43.56479185153698,2021
2021-11-05,5,54,54,0.1957229566329141,2021
2021-11-12,1,54,54,73.65100805178164,2021
2021-11-12,2,54,54,18.119971112988395,2021
2021-11-12,3,55,55,-2.9378749409888223,2021
2021-11-12,4,54,54,-59.811933016758,2021
2021-11-12,5,55,55,-28.44009764069574,2021
2021-11-19,1,58,58,-43.32855867261978,2021
2021-11-19,2,58,57,29.920690281391696,2021
2021-11-19,3,58,58,76.38512498344545,2021
2021-11-19,4,58,57,-91.5283659223394,2021
2021-11-19,5,59,59,27.022994330612292,2021
2021-12-03,1,55,55,32.20657409057449,2021
2021-12-03,2,55,55,41.402835638265394,2021
2021-12-03,3,55,55,90.61233676753977,2021
2021-12-03,4,55,55,13.326974699624829,2021
2021-12-03,5,56,56,-174.3782083175044,2021
2021-12-10,1,55,55,21.86907018319379,2021
2021-12-10,2,55,55,-14.550669008165409,2021
2021-12-10,3,56,56,-6.600493998218278,2021
2021-12-10,4,55,55,27.73080563361896,2021
2021-12-10,5,56,55,-28.328703828643423,2021
2021-12-17,1,53,53,-24.54239485429587,2021
2021-12-17,2,53,53,96.74932642132744,2021
2021-12-17,3,53,53,17.452330130671992,2021
2021-12-17,4,53,53,-118.7436610107851,2021
2021-12-17,5,53,53,29.08439931308154,2021
2021-12-24,1,49,49,95.61203528487492,2021
2021-12-24,2,50,50,38.67652628574121,2021
2021-12-24,3,50,50,-105.42558535586605,2021
2021-12-24,4,50,50,-41.07279986774464,2021
2021-12-24,5,50,50,14.122064358692027,2021
2021-12-31,1,57,57,-159.98202835674658,2021
2021-12-31,2,57,57,-143.74510216752876,2021
2021-12-31,3,58,58,33.43730032884294,2021
2021-12-31,4,57,57,123.7600626522273,2021
2021-12-31,5,58,58,143.4268870626525,2021
2022-01-10,1,53,53,33.87571917237583,2022
2022-01-10,2,54,54,-12.435128205698676,2022
2022-01-10,3,54,54,32.995760455077956,2022
2022-01-10,4,54,54,1.0718311494029713,2022
2022-01-10,5,54,54,-54.880854438336364,2022
2022-01-17,1,55,55,21.838361000042113,2022
2022-01-17,2,55,55,13.0132751352538,2022
2022-01-17,3,55,55,11.735485088637583,2022
2022-01-17,4,55,54,88.79190157059652,2022
2022-01-17,5,56,56,-131.37597057372423,2022
2022-01-24,1,56,56,-81.4092371427555,2022
2022-01-24,2,57,57,-47.919876872308805,2022
2022-01-24,3,56,56,87.63408563184069,2022
2022-01-24,4,57,57,-36.821805035423814,2022
2022-01-24,5,57,57,78.62604128687684,2022
2022-02-07,1,43,43,-106.3587827131367,2022
2022-02-07,2,43,43,-141.09098055202054,2022
2022-02-07,3,44,44,105.77712188518011,2022
2022-02-07,4,43,43,18.254906242552664,2022
2022-02-07,5,44,44,118.20876111418343,2022
2022-02-14,1,55,55,97.5148164076012,2022
2022-02-14,2,56,56,-45.27495349298066,2022
2022-02-14,3,55,55,-26.314125938609376,2022
2022-02-14,4,56,56,107.43075015754782,2022
2022-02-14,5,56,56,-132.085046232327,2022
2022-02-21,1,57,57,240.06669895045852,2022
2022-02-21,2,58,58,99.46188443171043,2022
2022-02-21,3,57,57,-116.39235523535446,2022
2022-02-21,4,58,58,-27.761955080217916,2022
2022-02-21,5,58,58,-193.24195679564662,2022
2022-02-28,1,49,49,74.35440813013915,2022
2022-02-28,2,49,49,62.52363883911191,2022
2022-02-28,3,49,49,5.645066534066268,2022
2022-02-28,4,49,49,-59.135553455282945,2022
2022-02-28,5,49,49,-83.38756004803494,2022
2022-03-07,1,57,57,-61.271386276969054,2022
2022-03-07,2,57,57,125.82380609636976,2022
2022-03-07,3,57,57,-13.713517582585876,2022
2022-03-07,4,57,57,31.43470962328962,2022
2022-03-07,5,57,57,-82.27361186010432,2022
2022-03-14,1,44,44,-61.940870690815366,2022
2022-03-14,2,44,44,30.662380719910857,2022
2022-03-14,3,44,44,-20.892987548263438,2022
2022-03-14,4,44,44,-35.578292401864005,2022
2022-03-14,5,44,44,87.74976992103213,2022
2022-03-21,1,59,59,109.926022398764,2022
2022-03-21,2,60,60,79.45873230533135,2022
2022-03-21,3,60,60,53.25092644097676,2022
2022-03-21,4,60,60,-92.57812493144714,2022
2022-03-21,5,60,60,-148.22545584031212,2022
2022-03-28,1,54,54,-55.47860303304786,2022
2022-03-28,2,55,55,-31.826977429182165,2022
2022-03-28,3,54,54,17.41147106409968,2022
2022-03-28,4,55,54,-13.045908727051629,2022
2022-03-28,5,55,55,82.01069011252741,2022
2022-04-06,1,55,55,61.327706448720164,2022
2022-04-06,2,56,56,-89.52175596317419,2022
2022-04-06,3,56,55,20.977675812151457,2022
2022-04-06,4,56,56,-13.138331926959811,2022
2022-04-06,5,56,56,21.824444598206526,2022
2022-04-13,1,49,49,70.99785852398391,2022
2022-04-13,2,50,50,85.67203459134302,2022
2022-04-13,3,50,50,-4.7777102551469985,2022
2022-04-13,4,50,50,-37.72399353535082,2022
2022-04-13,5,50,50,-112.74823215434944,2022
2022-04-20,1,56,56,141.0305945607309,2022
2022-04-20,2,56,55,-57.266884511122385,2022
2022-04-20,3,56,56,-87.51159376717055,2022
2022-04-20,4,56,56,43.14078864646097,2022
2022-04-20,5,57,57,-39.706483518060985,2022
2022-04-27,1,41,41,193.29792020879734,2022
2022-04-27,2,41,41,156.96303197331247,2022
2022-04-27,3,41,41,-140.09465507384934,2022
2022-04-27,4,41,41,100.65654323751123,2022
2022-04-27,5,42,42,-303.42229652801524,2022
2022-05-09,1,56,56,-18.81121754522666,2022
2022-05-09,2,57,57,-69.13193163452792,2022
2022-05-09,3,56,56,96.71447665660408,2022
2022-05-09,4,57,57,-7.153251997603291,2022
2022-05-09,5,57,57,-0.2513516351874273,2022
2022-05-16,1,58,58,-125.09544634662176,2022
2022-05-16,2,59,59,-122.31097738440685,2022
2022-05-16,3,59,59,83.44919616603494,2022
2022-05-16,4,59,59,48.58049134058597,2022
2022-05-16,5,59,59,113.25647442192225,2022
2022-05-23,1,57,57,15.544982787300075,2022
2022-05-23,2,58,57,-26.69421218555258,2022
2022-05-23,3,57,57,-23.709705903074738,2022
2022-05-23,4,58,58,6.614715807210601,2022
2022-05-23,5,58,58,27.6432033682317,2022
2022-05-30,1,57,57,25.793026218800808,2022
2022-05-30,2,57,57,-17.715574480724403,2022
2022-05-30,3,58,58,-27.45611851804615,2022
2022-05-30,4,57,57,-3.0759816007326632,2022
2022-05-30,5,58,58,22.540880624449603,2022
2022-06-07,1,56,56,-228.49680180853377,2022
2022-06-07,2,57,57,-66.85226490340948,2022
2022-06-07,3,56,56,80.20016424482516,2022
2022-06-07,4,57,57,318.09107297164167,2022
2022-06-07,5,57,57,-105.54386590037821,2022
2022-06-14,1,50,50,121.34794817005249,2022
2022-06-14,2,51,51,20.730984794860888,2022
2022-06-14,3,51,51,7.789028351949147,2022
2022-06-14,4,51,51,-48.44945473881607,2022
2022-06-14,5,51,51,-99.03913504530026,2022
2022-06-21,1,53,53,-34.37298105683294,2022
2022-06-21,2,53,53,77.91226628678957,2022
2022-06-21,3,54,54,-78.97817400132956,2022
2022-06-21,4,53,53,75.62418199738113,2022
2022-06-21,5,54,54,-37.978562351427826,2022
2022-06-28,1,57,57,-34.78757653540569,2022
2022-06-28,2,58,58,31.23047339220963,2022
2022-06-28,3,58,58,-3.9447264530039425,2022
2022-06-28,4,58,58,81.60591301146651,2022
2022-06-28,5,58,58,-74.7038692176011,2022
2022-07-05,1,57,57,-36.78975311490324,2022
2022-07-05,2,57,57,87.28445240837536,2022
2022-07-05,3,57,57,21.334083705744597,2022
2022-07-05,4,57,57,-49.59293877614939,2022
2022-07-05,5,57,57,-22.23584422306749,2022
2022-07-12,1,54,54,36.178376869345,2022
2022-07-12,2,55,55,-13.65240118067619,2022
2022-07-12,3,55,55,-2.2766554700495742,2022
2022-07-12,4,55,55,-12.652301582369669,2022
2022-07-12,5,55,55,-6.939229965897847,2022
2022-07-19,1,52,52,-18.993402319736983,2022
2022-07-19,2,53,53,56.37302567236394,2022
2022-07-19,3,52,52,40.32927775644771,2022
2022-07-19,4,53,53,12.526794158785135,2022
2022-07-19,5,53,53,-89.83313158037483,2022
2022-07-26,1,55,55,-113.2119888934436,2022
2022-07-26,2,55,55,-123.8458151622148,2022
2022-07-26,3,56,56,-30.496448480194122,2022
2022-07-26,4,55,55,236.77529548941288,2022
2022-07-26,5,56,55,31.333437927897783,2022
2022-08-02,1,54,54,-29.856954746966725,2022
2022-08-02,2,55,55,-59.106879190440004,2022
2022-08-02,3,54,54,1.524691737645259,2022
2022-08-02,4,55,55,-3.186993359388483,2022
2022-08-02,5,55,55,90.11100350443516,2022
2022-08-09,1,56,56,36.27440624120166,2022
2022-08-09,2,57,56,52.43512901391618,2022
2022-08-09,3,57,57,-54.76283601697256,2022
2022-08-09,4,57,57,33.49184646700521,2022
2022-08-09,5,57,57,-65.88223806909583,2022
2022-08-16,1,57,57,-178.99903405473503,2022
2022-08-16,2,57,57,75.42566959142378,2022
2022-08-16,3,57,57,17.254842296279115,2022
2022-08-16,4,57,57,-14.29020863646339,2022
2022-08-16,5,58,57,100.60873080349549,2022
2022-08-23,1,54,54,116.39856937877443,2022
2022-08-23,2,54,54,-41.74351879214277,2022
2022-08-23,3,54,54,21.40086235497527,2022
2022-08-23,4,54,54,-53.869099475406486,2022
2022-08-23,5,54,54,-42.18681346620054,2022
2022-08-30,1,54,54,-17.012243340780575,2022
2022-08-30,2,55,55,-73.79296747827901,2022
2022-08-30,3,54,54,-26.250052648137682,2022
2022-08-30,4,55,55,31.159892686010295,2022
2022-08-30,5,55,55,85.10878358138847,2022
2022-09-06,1,54,54,1.2349751269136697,2022
2022-09-06,2,55,55,-14.940056538162422,2022
2022-09-06,3,55,55,0.34230712309566913,2022
2022-09-06,4,55,55,4.84173262681218,2022
2022-09-06,5,55,55,8.543495754557533,2022
2022-09-14,1,57,57,14.590473726132577,2022
2022-09-14,2,57,57,-60.04517094229368,2022
2022-09-14,3,57,57,74.22010788854384,2022
2022-09-14,4,57,57,-9.944273495008163,2022
2022-09-14,5,57,57,-18.821137177374784,2022
2022-09-21,1,54,54,12.165218106737164,2022
2022-09-21,2,54,54,17.448245826667506,2022
2022-09-21,3,54,54,19.496456302571612,2022
2022-09-21,4,54,54,-55.209628722642485,2022
2022-09-21,5,54,54,6.099708486666236,2022
2022-09-28,1,50,50,98.78282811456455,2022
2022-09-28,2,51,51,29.913360626421248,2022
2022-09-28,3,51,51,-27.4022581638848,2022
2022-09-28,4,51,51,-131.3808399236195,2022
2022-09-28,5,51,51,32.02382754484329,2022
2022-10-12,1,49,49,-82.86523572421558,2022
2022-10-12,2,50,50,65.52378287853834,2022
2022-10-12,3,49,49,105.1776271701413,2022
2022-10-12,4,50,50,-7.926319122452188,2022
2022-10-12,5,50,50,-79.46360737309331,2022
2022-10-19,1,57,57,-101.84824705931202,2022
2022-10-19,2,58,58,-27.739630574662694,2022
2022-10-19,3,57,56,-44.617798310984746,2022
2022-10-19,4,58,58,122.47208030163985,2022
2022-10-19,5,58,58,48.43904661433206,2022
2022-10-26,1,53,53,-9.178391539960717,2022
2022-10-26,2,53,53,24.203687466038403,2022
2022-10-26,3,53,53,-39.49503359710362,2022
2022-10-26,4,53,53,-45.332054026299254,2022
2022-10-26,5,54,54,68.5091659251525,2022
2022-11-02,1,51,51,31.001957653682826,2022
2022-11-02,2,51,51,80.02461710124989,2022
2022-11-02,3,52,52,-9.769760466602547,2022
2022-11-02,4,51,51,-43.03507049799118,2022
2022-11-02,5,52,52,-56.91421486232091,2022
2022-11-09,1,58,58,-27.87190503555168,2022
2022-11-09,2,58,58,-34.19568128461926,2022
2022-11-09,3,58,58,102.07885169677134,2022
2022-11-09,4,58,58,49.18474658651077,2022
2022-11-09,5,58,58,-89.19601196311133,2022
2022-11-16,1,58,58,-71.86159550032569,2022
2022-11-16,2,59,59,-24.87364714440594,2022
2022-11-16,3,58,58,-25.012047340896952,2022
2022-11-16,4,59,59,67.22580505121792,2022
2022-11-16,5,59,59,52.87955878455946,2022
2022-11-23,1,55,55,207.03435115270267,2022
2022-11-23,2,55,55,-53.97462887744238,2022
2022-11-23,3,55,55,-106.0478656107217,2022
2022-11-23,4,55,55,-13.952001167004124,2022
2022-11-23,5,55,55,-33.05985549753428,2022
2022-11-30,1,54,54,26.60473966838925,2022
2022-11-30,2,54,54,157.6313626300003,2022
2022-11-30,3,54,54,-37.65154015564567,2022
2022-11-30,4,54,54,-119.73006931518974,2022
2022-11-30,5,55,54,-26.85449282755412,2022
2022-12-07,1,57,57,-87.66380371970521,2022
2022-12-07,2,57,57,-51.62880200296114,2022
2022-12-07,3,57,57,69.97066257193622,2022
2022-12-07,4,57,57,-45.38588699181661,2022
2022-12-07,5,57,57,114.7078301425468,2022
2022-12-14,1,54,54,3.5753553760554944,2022
2022-12-14,2,55,55,-12.75214321691389,2022
2022-12-14,3,55,55,16.4654126010301,2022
2022-12-14,4,55,55,-7.145309315150783,2022
2022-12-14,5,55,55,-0.07830898363810762,2022
2022-12-21,1,52,52,82.68528144780258,2022
2022-12-21,2,52,52,-18.470084707291402,2022
2022-12-21,3,52,52,9.951822380725615,2022
2022-12-21,4,52,52,-1.6377785949837431,2022
2022-12-21,5,53,53,-71.16076428990864,2022
2022-12-28,1,56,56,-40.182127887780744,2022
2022-12-28,2,56,56,-4.797575303070733,2022
2022-12-28,3,56,56,53.264590258792694,2022
2022-12-28,4,56,56,-43.54637763188618,2022
2022-12-28,5,57,57,34.64286792247213,2022
2023-01-05,1,55,55,129.10335306234464,2023
2023-01-05,2,56,56,7.90768136577271,2023
2023-01-05,3,55,55,-22.009835408953045,2023
2023-01-05,4,56,56,-32.923124030763255,2023
2023-01-05,5,56,56,-80.16569074459046,2023
2023-01-12,1,56,56,-27.882188610695025,2023
2023-01-12,2,57,57,-46.487009375389135,2023
2023-01-12,3,57,57,-25.6291934469767,2023
2023-01-12,4,57,57,31.0365763636862,2023
2023-01-12,5,57,57,68.47265386567831,2023
2023-01-19,1,58,58,32.518307522659384,2023
2023-01-19,2,59,59,22.477943293022435,2023
2023-01-19,3,59,59,-36.449453181520084,2023
2023-01-19,4,59,59,-11.618500842460708,2023
2023-01-19,5,59,59,-6.377139037079677,2023
2023-02-02,1,58,58,70.764967870101,2023
2023-02-02,2,58,58,-23.355831513835554,2023
2023-02-02,3,58,58,-14.003650844989675,2023
2023-02-02,4,58,58,-7.225994175884478,2023
2023-02-02,5,59,59,-25.735771143266017,2023
2023-02-09,1,53,53,8.935748655028217,2023
2023-02-09,2,53,53,37.44836343280991,2023
2023-02-09,3,53,53,-3.3602630509443725,2023
2023-02-09,4,53,53,51.43283203201456,2023
2023-02-09,5,53,53,-94.45668106890831,2023
2023-02-16,1,56,56,3.79132503070978,2023
2023-02-16,2,56,56,-14.345117876027967,2023
2023-02-16,3,56,56,-7.727255915416144,2023
2023-02-16,4,56,56,-38.08672118200737,2023
2023-02-16,5,57,57,55.37886169813221,2023
2023-02-23,1,58,58,-68.6627918720786,2023
2023-02-23,2,58,58,-61.04145626850432,2023
2023-02-23,3,58,58,-23.02856558594327,2023
2023-02-23,4,58,58,71.8963400476761,2023
2023-02-23,5,58,58,80.83647367885007,2023
2023-03-02,1,58,58,-86.32875103549185,2023
2023-03-02,2,58,58,-63.50293974267049,2023
2023-03-02,3,58,58,2.1297348006250534,2023
2023-03-02,4,58,58,-20.597990630482414,2023
2023-03-02,5,59,59,165.4474051400872,2023
2023-03-09,1,51,51,-95.51602384593835,2023
2023-03-09,2,52,52,-53.92936811826477,2023
2023-03-09,3,52,52,-11.169420896521617,2023
2023-03-09,4,52,52,28.47318003822412,2023
2023-03-09,5,52,52,130.30478621007882,2023
2023-03-16,1,50,50,-131.21339445514394,2023
2023-03-16,2,50,50,-88.03078081698635,2023
2023-03-16,3,51,51,181.43125480251146,2023
2023-03-16,4,50,50,29.013124544779828,2023
2023-03-16,5,51,51,5.069775322341929,2023
2023-03-23,1,56,56,148.18251142873126,2023
2023-03-23,2,56,56,44.439544366423625,2023
2023-03-23,3,56,56,-26.467966690611664,2023
2023-03-23,4,56,56,-138.86724686229996,2023
2023-03-23,5,57,57,-26.808125711677636,2023
2023-03-30,1,56,56,-140.20668686430176,2023
2023-03-30,2,56,56,-43.14149771912846,2023
2023-03-30,3,56,56,-60.29057965149833,2023
2023-03-30,4,56,56,148.96628457865802,2023
2023-03-30,5,56,56,94.6724796562707,2023
2023-04-07,1,57,57,47.963169868694976,2023
2023-04-07,2,58,58,76.67012002818043,2023
2023-04-07,3,58,58,-52.742842571148984,2023
2023-04-07,4,58,58,-35.62722469710059,2023
2023-04-07,5,58,58,-35.43627142399313,2023
2023-04-14,1,57,57,108.79286991560888,2023
2023-04-14,2,57,57,-74.95399065554152,2023
2023-04-14,3,57,57,23.315762159175218,2023
2023-04-14,4,57,57,22.477761419993392,2023
2023-04-14,5,57,57,-79.63240283923592,2023
2023-04-21,1,54,54,-58.377935604201106,2023
2023-04-21,2,54,54,-16.109312692971432,2023
2023-04-21,3,55,55,-15.105743153140724,2023
2023-04-21,4,54,54,111.70349463843269,2023
2023-04-21,5,55,55,-21.433844163732967,2023
2023-04-28,1,48,48,-12.487308051225623,2023
2023-04-28,2,49,49,-54.77319718906867,2023
2023-04-28,3,48,48,-59.57454491823465,2023
2023-04-28,4,49,49,80.5586891960668,2023
2023-04-28,5,49,49,44.80571090186091,2023
2023-05-10,1,49,49,32.790901246779484,2023
2023-05-10,2,50,50,-87.22781222826679,2023
2023-05-10,3,50,50,52.00275451538213,2023
2023-05-10,4,50,50,42.493181774377696,2023
2023-05-10,5,50,50,-39.40320728333701,2023
2023-05-17,1,54,54,94.93877107499414,2023
2023-05-17,2,54,54,69.44102800695507,2023
2023-05-17,3,55,55,-34.35780244890649,2023
2023-05-17,4,54,54,-70.65856622960904,2023
2023-05-17,5,55,55,-57.65940798793636,2023
2023-05-24,1,56,56,-71.23417741190036,2023
2023-05-24,2,56,56,53.333490389672995,2023
2023-05-24,3,57,57,16.21401049593924,2023
2023-05-24,4,56,56,30.894859543321207,2023
2023-05-24,5,57,57,-28.980215078066568,2023
2023-05-31,1,50,50,119.45931539375489,2023
2023-05-31,2,51,51,112.6931785668944,2023
2023-05-31,3,50,50,-69.58330272300968,2023
2023-05-31,4,51,51,-38.70647674992728,2023
2023-05-31,5,51,51,-122.88475345495262,2023
2023-06-07,1,56,56,-11.902575141466663,2023
2023-06-07,2,57,57,-0.06662194468039923,2023
2023-06-07,3,56,56,-89.66100582082073,2023
2023-06-07,4,57,57,90.88725042607548,2023
2023-06-07,5,57,57,8.961135271027612,2023
2023-06-14,1,54,54,6.056994028328725,2023
2023-06-14,2,55,55,-13.482963409318563,2023
2023-06-14,3,54,54,41.1218407882105,2023
2023-06-14,4,55,55,-104.50146980104246,2023
2023-06-14,5,55,54,72.99049530512477,2023
2023-06-21,1,54,54,159.38525768575238,2023
2023-06-21,2,55,55,-128.21369923771005,2023
2023-06-21,3,54,54,18.26977581907153,2023
2023-06-21,4,55,55,1.1611869530087429,2023
2023-06-21,5,55,55,-47.37242970185296,2023
2023-06-30,1,53,53,109.24267301270616,2023
2023-06-30,2,54,54,-38.34360160022766,2023
2023-06-30,3,54,54,7.753508453775602,2023
2023-06-30,4,54,54,-5.3627573965302755,2023
2023-06-30,5,54,54,-71.26681000652557,2023
2023-07-07,1,56,56,50.237243469994674,2023
2023-07-07,2,56,56,-50.744439357588234,2023
2023-07-07,3,57,57,17.450663889301346,2023
2023-07-07,4,56,56,-21.09837512062002,2023
2023-07-07,5,57,57,3.775862013505032,2023
2023-07-14,1,58,58,13.920002356913962,2023
2023-07-14,2,59,59,-45.531756646314435,2023
2023-07-14,3,59,59,36.393820970038995,2023
2023-07-14,4,59,59,-47.32985924641983,2023
2023-07-14,5,59,59,42.78372480911868,2023
2023-07-21,1,55,55,-102.06903621012572,2023
2023-07-21,2,56,56,-110.03279778848179,2023
2023-07-21,3,56,56,12.122053123583832,2023
2023-07-21,4,56,56,102.63645581999603,2023
2023-07-21,5,56,56,95.52066369413207,2023
2023-07-28,1,57,57,-6.557636432704954,2023
2023-07-28,2,57,57,4.582143428218284,2023
2023-07-28,3,58,58,3.3559247521458384,2023
2023-07-28,4,57,57,-16.825638766765543,2023
2023-07-28,5,58,58,15.121049574774448,2023
2023-08-04,1,59,59,81.94863321546862,2023
2023-08-04,2,59,59,-31.757760039891892,2023
2023-08-04,3,59,59,-78.62884599452654,2023
2023-08-04,4,59,59,-12.083269618141102,2023
2023-08-04,5,59,59,40.521242437091196,2023
2023-08-11,1,55,55,41.893758243689135,2023
2023-08-11,2,55,55,12.391999955692173,2023
2023-08-11,3,55,55,-16.452080741443073,2023
2023-08-11,4,55,55,-27.775485311215473,2023
2023-08-11,5,56,56,-9.87858157267412,2023
2023-08-18,1,52,52,23.097093707512908,2023
2023-08-18,2,52,52,-30.58973234119189,2023
2023-08-18,3,52,52,16.58213871244256,2023
2023-08-18,4,52,52,-43.91987240254344,2023
2023-08-18,5,52,52,34.83037232377973,2023
2023-08-25,1,45,45,-116.0309683292876,2023
2023-08-25,2,46,46,-47.126167198357734,2023
2023-08-25,3,46,46,-43.539067961069804,2023
2023-08-25,4,46,46,34.77006576328552,2023
2023-08-25,5,46,46,169.40372537044522,2023
2023-09-01,1,59,59,10.834207591750369,2023
2023-09-01,2,59,59,-46.39409711897136,2023
2023-09-01,3,60,60,-57.85392038432039,2023
2023-09-01,4,59,59,73.27039812790035,2023
2023-09-01,5,60,60,20.771920260318975,2023
2023-09-08,1,55,55,14.374608493689898,2023
2023-09-08,2,55,55,-10.531797830282633,2023
2023-09-08,3,56,56,70.68103968106375,2023
2023-09-08,4,55,55,-58.38224434992888,2023
2023-09-08,5,56,56,-17.11552445323006,2023
2023-09-15,1,56,56,8.519274934345125,2023
2023-09-15,2,57,57,-20.218302839004565,2023
2023-09-15,3,56,56,45.05167520068967,2023
2023-09-15,4,57,57,13.996272333246578,2023
2023-09-15,5,57,57,-46.40907839883759,2023
2023-09-22,1,54,54,-90.62661920638749,2023
2023-09-22,2,54,54,8.090378209483266,2023
2023-09-22,3,54,54,-18.39073882059272,2023
2023-09-22,4,54,54,48.80717287280576,2023
2023-09-22,5,55,55,51.17217409115133,2023
2023-10-09,1,56,56,-99.80296036826542,2023
2023-10-09,2,57,57,54.075405996924054,2023
2023-10-09,3,57,57,33.934452597411855,2023
2023-10-09,4,57,57,-32.012070064905906,2023
2023-10-09,5,57,57,42.05424270956762,2023
2023-10-16,1,57,57,-58.74651506211616,2023
2023-10-16,2,58,58,28.80299889386914,2023
2023-10-16,3,57,57,-17.731353371534393,2023
2023-10-16,4,58,58,77.02404042065673,2023
2023-10-16,5,58,58,-30.667754819386218,2023
2023-10-23,1,40,40,-14.361738575576315,2023
2023-10-23,2,40,40,-68.48952107995878,2023
2023-10-23,3,41,41,63.54015695565887,2023
2023-10-23,4,40,40,9.549543570623737,2023
2023-10-23,5,41,41,7.973712395474148,2023
2023-10-30,1,56,56,-56.2513132222621,2023
2023-10-30,2,56,56,1.5094477803061743,2023
2023-10-30,3,57,57,16.33248208726701,2023
2023-10-30,4,56,56,18.501306387899568,2023
2023-10-30,5,57,57,19.272277685139176,2023
2023-11-06,1,57,57,75.65588875573997,2023
2023-11-06,2,57,57,-43.552287407366954,2023
2023-11-06,3,58,58,9.397697793687714,2023
2023-11-06,4,57,57,-6.384072542680238,2023
2023-11-06,5,58,58,-34.673786447558236,2023
2023-11-13,1,55,55,0.22440776440247906,2023
2023-11-13,2,55,55,0.6821857237140059,2023
2023-11-13,3,55,55,-36.32074124478517,2023
2023-11-13,4,55,55,-8.16166891123173,2023
2023-11-13,5,55,55,43.57581666790041,2023
2023-11-20,1,58,58,86.50549011667209,2023
2023-11-20,2,58,58,17.887598982911644,2023
2023-11-20,3,58,58,18.79651542220223,2023
2023-11-20,4,58,58,-60.64636336003425,2023
2023-11-20,5,59,59,-61.48318622680702,2023
2023-11-27,1,56,56,-93.24637467883208,2023
2023-11-27,2,56,56,0.8055874627026227,2023
2023-11-27,3,57,57,76.85895000035397,2023
2023-11-27,4,56,56,-24.910966634593343,2023
2023-11-27,5,57,57,38.434001151233346,2023
2023-12-04,1,48,48,-43.04006600862411,2023
2023-12-04,2,49,49,-31.250514705507133,2023
2023-12-04,3,48,48,29.95192636732972,2023
2023-12-04,4,49,49,8.263035438099593,2023
2023-12-04,5,49,49,35.80851401806325,2023
2023-12-11,1,44,44,21.26274712930514,2023
2023-12-11,2,45,45,-7.942117715930008,2023
2023-12-11,3,44,44,22.59868508870909,2023
2023-12-11,4,45,45,20.312392991728537,2023
2023-12-11,5,45,45,-55.257009000078995,2023
2023-12-18,1,52,52,20.681253658540612,2023
2023-12-18,2,52,52,53.896094331459864,2023
2023-12-18,3,52,52,27.522137788811886,2023
2023-12-18,4,52,52,-4.133684906380969,2023
2023-12-18,5,52,52,-97.9658008724314,2023
2023-12-25,1,49,49,-47.84059646825444,2023
2023-12-25,2,49,49,-76.33773399917345,2023
2023-12-25,3,49,49,27.40056970530435,2023
2023-12-25,4,49,49,110.92537612864203,2023
2023-12-25,5,50,50,-13.864663059188226,2023
2024-01-02,1,56,56,19.577070246727114,2024
2024-01-02,2,57,57,71.56849719873688,2024
2024-01-02,3,57,57,3.5500295467426337,2024
2024-01-02,4,57,57,-33.401120700235694,2024
2024-01-02,5,57,57,-60.951018919221596,2024
2024-01-09,1,54,54,-63.460593407802534,2024
2024-01-09,2,54,54,-83.09044636435823,2024
2024-01-09,3,54,54,22.233767548363517,2024
2024-01-09,4,54,54,44.33374863632007,2024
2024-01-09,5,55,55,78.52927770406852,2024
2024-01-16,1,53,53,-64.75087730510843,2024
2024-01-16,2,54,54,-14.226725558158202,2024
2024-01-16,3,54,54,17.20917405359755,2024
2024-01-16,4,54,54,20.139419450509976,2024
2024-01-16,5,54,54,40.42991903869412,2024
2024-01-23,1,56,56,205.49673537692942,2024
2024-01-23,2,56,56,67.53736074980807,2024
2024-01-23,3,56,56,-93.68365947733929,2024
2024-01-23,4,56,56,30.659993695609,2024
2024-01-23,5,57,57,-206.32603683018255,2024
2024-01-30,1,57,57,-25.321501659992233,2024
2024-01-30,2,58,58,112.31364747424348,2024
2024-01-30,3,57,57,56.967155125580845,2024
2024-01-30,4,58,58,-142.35441190331537,2024
2024-01-30,5,58,58,-1.0592743215927583,2024
2024-02-06,1,48,48,14.812792819220572,2024
2024-02-06,2,48,48,-76.1467006764225,2024
2024-02-06,3,49,49,11.602621692050272,2024
2024-02-06,4,48,48,80.76969787777436,2024
2024-02-06,5,49,49,-30.641762936692505,2024
2024-02-21,1,50,50,37.615272647248744,2024
2024-02-21,2,50,50,-13.190135824592657,2024
2024-02-21,3,51,51,61.39885646311575,2024
2024-02-21,4,50,50,-31.29711157983664,2024
2024-02-21,5,51,51,-54.66162630901721,2024
2024-02-28,1,56,56,-72.25346429908012,2024
2024-02-28,2,57,57,-77.0026539232744,2024
2024-02-28,3,57,57,-117.68419702400938,2024
2024-02-28,4,57,57,60.905648509553544,2024
2024-02-28,5,57,57,204.76706209998417,2024
2024-03-06,1,55,55,50.46963845825786,2024
2024-03-06,2,55,55,-2.3802595788789684,2024
2024-03-06,3,55,55,-23.866893823081817,2024
2024-03-06,4,55,55,-15.510519495034172,2024
2024-03-06,5,56,56,-8.556394747669003,2024
2024-03-13,1,58,58,-155.4253089489355,2024
2024-03-13,2,58,58,65.30162242901476,2024
2024-03-13,3,59,59,50.04326169841469,2024
2024-03-13,4,58,58,72.68279388728179,2024
2024-03-13,5,59,58,-33.46518392264496,2024
2024-03-20,1,58,58,144.11828021176322,2024
2024-03-20,2,59,59,121.1300463496246,2024
2024-03-20,3,58,58,-75.75149054711753,2024
2024-03-20,4,59,59,-119.29080422155562,2024
2024-03-20,5,59,59,-69.04727264585624,2024
2024-03-27,1,52,52,9.748760275889584,2024
2024-03-27,2,53,53,57.46965025148907,2024
2024-03-27,3,53,53,12.750742030928631,2024
2024-03-27,4,53,53,1.3222786321526874,2024
2024-03-27,5,53,53,-81.10749231733003,2024
2024-04-03,1,58,58,23.12265411053744,2024
2024-04-03,2,58,58,-45.2153115056389,2024
2024-04-03,3,58,58,52.02645116756634,2024
2024-04-03,4,58,58,17.506772404445037,2024
2024-04-03,5,58,58,-47.440566176909954,2024
2024-04-12,1,49,49,0.34744394689333047,2024
2024-04-12,2,49,49,36.12900001131889,2024
2024-04-12,3,50,50,-95.57645959071343,2024
2024-04-12,4,49,49,92.5838885440483,2024
2024-04-12,5,50,50,-30.90266626150179,2024
2024-04-19,1,54,54,46.30323297828545,2024
2024-04-19,2,54,54,59.305014106253026,2024
2024-04-19,3,55,55,-31.745144253659852,2024
2024-04-19,4,54,54,13.581715293137439,2024
2024-04-19,5,55,55,-85.27772789896736,2024
2024-04-26,1,55,55,-11.44152787073926,2024
2024-04-26,2,56,56,-17.29786274604024,2024
2024-04-26,3,55,55,-46.58339311373692,2024
2024-04-26,4,56,56,100.41912947036334,2024
2024-04-26,5,56,56,-26.13250504314114,2024
2024-05-08,1,54,54,58.91446702596298,2024
2024-05-08,2,55,55,25.36613267091003,2024
2024-05-08,3,54,54,-64.32536034976197,2024
2024-05-08,4,55,55,41.16860582745303,2024
2024-05-08,5,55,55,-61.22222505317859,2024
2024-05-15,1,56,56,-23.855626681609355,2024
2024-05-15,2,56,56,-55.16938918136556,2024
2024-05-15,3,57,57,11.383307574398694,2024
2024-05-15,4,56,56,85.05232052640727,2024
2024-05-15,5,57,57,-17.304870050753337,2024
2024-05-22,1,58,58,95.24855978670624,2024
2024-05-22,2,58,58,41.81211788968103,2024
2024-05-22,3,58,58,-27.88634766325272,2024
2024-05-22,4,58,58,-77.24138370189287,2024
2024-05-22,5,58,58,-31.932946311241697,2024
2024-05-29,1,52,52,63.152230675936266,2024
2024-05-29,2,52,52,8.477977821014308,2024
2024-05-29,3,53,53,21.978965553772763,2024
2024-05-29,4,52,52,-30.343559459888443,2024
2024-05-29,5,53,53,-62.48662121277712,2024
2024-06-05,1,55,55,-25.943008610826887,2024
2024-06-05,2,55,55,-26.560049183086548,2024
2024-06-05,3,56,56,7.2341281996219156,2024
2024-06-05,4,55,55,17.784661313007508,2024
2024-06-05,5,56,56,26.864296915553343,2024
2024-06-13,1,52,52,22.26879259219031,2024
2024-06-13,2,52,52,5.463989922462939,2024
2024-06-13,3,52,52,20.751722405561342,2024
2024-06-13,4,52,52,-4.168481672056721,2024
2024-06-13,5,53,53,-43.479871866117115,2024
2024-06-20,1,53,53,73.69567315052582,2024
2024-06-20,2,54,54,43.3026290338482,2024
2024-06-20,3,54,54,4.093043572191216,2024
2024-06-20,4,54,54,-127.46926859456835,2024
2024-06-20,5,54,54,7.742657525975742,2024
2024-06-27,1,43,43,-46.140798979257895,2024
2024-06-27,2,43,43,7.4613154450773935,2024
2024-06-27,3,43,43,-25.116174998846464,2024
2024-06-27,4,43,43,-55.12217184825884,2024
2024-06-27,5,44,44,116.21515241807475,2024
2024-07-04,1,48,48,-68.33604862607463,2024
2024-07-04,2,48,48,33.62410067760814,2024
2024-07-04,3,48,48,55.3084441030189,2024
2024-07-04,4,48,48,16.11906871319766,2024
2024-07-04,5,48,48,-36.71556486775009,2024
2024-07-11,1,51,51,91.90122987375953,2024
2024-07-11,2,51,51,5.58842476642514,2024
2024-07-11,3,51,51,-39.53708018796343,2024
2024-07-11,4,51,51,-9.165163109272692,2024
2024-07-11,5,52,52,-47.849191894045774,2024
2024-07-25,1,54,54,-99.81799813173316,2024
2024-07-25,2,54,54,-108.45371702890816,2024
2024-07-25,3,54,54,-26.779691731706148,2024
2024-07-25,4,54,54,116.2395759809881,2024
2024-07-25,5,54,54,118.81183091135946,2024
2024-08-01,1,55,55,-10.5744566077994,2024
2024-08-01,2,55,55,51.70714423066728,2024
2024-08-01,3,55,55,-19.56027723144302,2024
2024-08-01,4,55,55,-42.95490973058081,2024
2024-08-01,5,56,56,21.000668993813967,2024
2024-08-08,1,55,55,177.15616672519545,2024
2024-08-08,2,56,56,14.074484922501195,2024
2024-08-08,3,56,56,-1.8867659521477378,2024
2024-08-08,4,56,56,-94.90780235392307,2024
2024-08-08,5,56,56,-91.27258036439025,2024
2024-08-15,1,53,53,-87.20224923367402,2024
2024-08-15,2,54,54,36.82358120401435,2024
2024-08-15,3,53,53,-20.60418439965711,2024
2024-08-15,4,54,54,8.957831500687082,2024
2024-08-15,5,54,53,61.16122068891842,2024
2024-08-22,1,51,51,160.44566863359782,2024
2024-08-22,2,52,52,-69.69256834835478,2024
2024-08-22,3,51,51,9.652179479842822,2024
2024-08-22,4,52,52,1.4096647326640628,2024
2024-08-22,5,52,52,-98.5438320340299,2024
2024-08-29,1,52,52,-38.290793005498465,2024
2024-08-29,2,52,50,56.388318995511014,2024
2024-08-29,3,52,52,70.31345950311862,2024
2024-08-29,4,52,51,-58.71717711045317,2024
2024-08-29,5,53,52,-28.654203365743964,2024
2024-09-05,1,52,52,-39.58016710781293,2024
2024-09-05,2,52,51,27.616357449040155,2024
2024-09-05,3,52,51,-28.459807910755085,2024
2024-09-05,4,52,52,-7.625816315411684,2024
2024-09-05,5,52,52,48.03321368375278,2024
2024-09-12,1,52,52,59.36773363018299,2024
2024-09-12,2,52,52,108.77950389636175,2024
2024-09-12,3,52,52,40.45138906495448,2024
2024-09-12,4,52,52,-131.35987653437692,2024
2024-09-12,5,52,52,-77.23875005712226,2024
2024-09-23,1,56,56,-21.453037205966254,2024
2024-09-23,2,56,56,94.67043551775079,2024
2024-09-23,3,56,56,-89.13657400353769,2024
2024-09-23,4,56,56,-196.69294391115534,2024
2024-09-23,5,57,57,208.88208241689188,2024
2024-10-14,1,59,59,0.7729890833706925,2024
2024-10-14,2,59,59,80.337611562508,2024
2024-10-14,3,59,59,-56.66233386562225,2024
2024-10-14,4,59,59,-40.600136884443025,2024
2024-10-14,5,59,59,16.151870104186578,2024
2024-10-21,1,45,45,-178.96797415025563,2024
2024-10-21,2,45,45,24.88888454986623,2024
2024-10-21,3,46,46,-104.99325500042622,2024
2024-10-21,4,45,45,107.66047864520533,2024
2024-10-21,5,46,46,150.40276571745403,2024
2024-10-28,1,57,57,-31.511062424334405,2024
2024-10-28,2,58,58,-25.626770131084356,2024
2024-10-28,3,58,58,40.568677800670464,2024
2024-10-28,4,58,58,37.52832277080911,2024
2024-10-28,5,58,58,-21.50246219579068,2024
2024-11-04,1,57,57,-191.75279752903666,2024
2024-11-04,2,57,57,150.67280790758142,2024
2024-11-04,3,58,58,-31.716488445261426,2024
2024-11-04,4,57,57,71.66515798254267,2024
2024-11-04,5,58,58,1.6586505731583379,2024
2024-11-11,1,52,52,282.33088064550515,2024
2024-11-11,2,52,52,76.24687804588838,2024
2024-11-11,3,52,52,8.842902456107915,2024
2024-11-11,4,52,52,-128.36699118491953,2024
2024-11-11,5,52,52,-239.05366996258184,2024
2024-11-18,1,57,57,119.89977952389287,2024
2024-11-18,2,58,58,21.132343697515196,2024
2024-11-18,3,58,58,-80.35087113408751,2024
2024-11-18,4,58,58,-4.387481310608697,2024
2024-11-18,5,58,58,-54.22653319871365,2024
2024-11-25,1,52,52,11.512739599181046,2024
2024-11-25,2,52,52,13.45093778215678,2024
2024-11-25,3,52,52,42.83892307589556,2024
2024-11-25,4,52,52,-50.756078567281044,2024
2024-11-25,5,52,52,-17.04652188995237,2024
2024-12-02,1,58,58,-14.61532845473245,2024
2024-12-02,2,58,58,9.659050685584397,2024
2024-12-02,3,58,58,-9.169565610687297,2024
2024-12-02,4,58,58,7.784348547153,2024
2024-12-02,5,59,59,6.2340118694162445,2024
2024-12-09,1,57,57,113.81162561737504,2024
2024-12-09,2,57,57,47.66018825715604,2024
2024-12-09,3,58,58,-68.22425947735147,2024
2024-12-09,4,57,57,-87.13663222196952,2024
2024-12-09,5,58,58,-4.829281112234823,2024
2024-12-16,1,56,56,47.681662262614346,2024
2024-12-16,2,56,56,45.097742136431634,2024
2024-12-16,3,56,56,-34.164672560689446,2024
2024-12-16,4,56,56,-13.654793514247693,2024
2024-12-16,5,57,57,-44.17116747631744,2024
2024-12-23,1,47,47,-15.82807504291895,2024
2024-12-23,2,47,47,19.270685397195958,2024
2024-12-23,3,48,48,-36.82624499905571,2024
2024-12-23,4,47,47,44.201223511849236,2024
2024-12-23,5,48,48,-9.82500899485976,2024
2024-12-30,1,57,57,141.8612896202609,2024
2024-12-30,2,58,58,18.565145870819975,2024
2024-12-30,3,58,58,-27.21049121358038,2024
2024-12-30,4,58,58,-9.27661115639182,2024
2024-12-30,5,58,58,-121.49344881731118,2024
2025-01-07,1,47,47,74.33025067690441,2025
2025-01-07,2,48,48,32.69457039046854,2025
2025-01-07,3,47,46,-7.1216638995001516,2025
2025-01-07,4,48,48,-20.194279205725678,2025
2025-01-07,5,48,48,-78.45706706885748,2025
2025-01-14,1,50,50,-12.399063277047608,2025
2025-01-14,2,51,51,-9.041857904876434,2025
2025-01-14,3,51,51,-1.571778587517972,2025
2025-01-14,4,51,51,10.184515721088777,2025
2025-01-14,5,51,51,12.585065160568027,2025
2025-02-12,1,57,57,39.460549579581475,2025
2025-02-12,2,57,57,-26.279472568531492,2025
2025-02-12,3,58,58,43.842182771923966,2025
2025-02-12,4,57,57,-69.9295560236293,2025
2025-02-12,5,58,58,11.927874188714343,2025
2025-02-19,1,55,55,16.15782075366853,2025
2025-02-19,2,55,54,-75.51649504377721,2025
2025-02-19,3,56,56,-57.29599360801908,2025
2025-02-19,4,55,55,9.838290565164602,2025
2025-02-19,5,56,56,104.58357592637897,2025
2025-02-26,1,54,54,71.59126773261372,2025
2025-02-26,2,54,54,66.89876023265862,2025
2025-02-26,3,55,55,4.713166845833512,2025
2025-02-26,4,54,54,-48.57511770165154,2025
2025-02-26,5,55,55,-92.99326055920665,2025
2025-03-05,1,56,56,-26.578858496743557,2025
2025-03-05,2,57,57,-4.504094633441141,2025
2025-03-05,3,57,57,-26.487132528710713,2025
2025-03-05,4,57,57,44.23454945861455,2025
2025-03-05,5,57,57,12.869240437180089,2025
2025-03-12,1,57,57,71.87876249008843,2025
2025-03-12,2,58,57,3.3252834132652294,2025
2025-03-12,3,58,58,-30.606344661849686,2025
2025-03-12,4,58,58,3.6171235831219604,2025
2025-03-12,5,58,57,-47.7413297179816,2025
2025-03-19,1,56,56,-119.73095480774752,2025
2025-03-19,2,56,56,70.04713111903746,2025
2025-03-19,3,56,56,3.586058738658457,2025
2025-03-19,4,56,56,36.76252747454386,2025
2025-03-19,5,56,56,9.335237475507872,2025
2025-03-26,1,51,51,39.83417385870778,2025
2025-03-26,2,51,51,-28.087154444457525,2025
2025-03-26,3,52,52,12.760065467484067,2025
2025-03-26,4,51,51,17.002465673708766,2025
2025-03-26,5,52,52,-40.956675842213095,2025
2025-04-02,1,53,53,45.56586647307279,2025
2025-04-02,2,53,53,-59.97863239274308,2025
2025-04-02,3,53,53,-14.878107854269935,2025
2025-04-02,4,53,53,-117.46352939248868,2025
2025-04-02,5,54,54,144.0367290337173,2025
2025-04-10,1,50,50,6.951828670502353,2025
2025-04-10,2,51,51,22.82072993964329,2025
2025-04-10,3,51,51,53.43882048206079,2025
2025-04-10,4,51,51,5.920408647618345,2025
2025-04-10,5,51,51,-88.99547737373649,2025
2025-04-17,1,57,57,32.883824429229435,2025
2025-04-17,2,57,57,185.50259575529216,2025
2025-04-17,3,57,57,-66.34067186446042,2025
2025-04-17,4,57,57,-79.46037535850976,2025
2025-04-17,5,57,57,-72.5853729615514,2025
2025-04-24,1,57,57,-51.1819161370557,2025
2025-04-24,2,57,57,-127.47195989601744,2025
2025-04-24,3,57,57,-77.74861101718763,2025
2025-04-24,4,57,57,110.4256957684752,2025
2025-04-24,5,57,57,145.9767912817855,2025
2025-05-06,1,55,55,100.40336128951253,2025
2025-05-06,2,56,56,-34.83459726903901,2025
2025-05-06,3,56,56,-64.48123369399644,2025
2025-05-06,4,56,56,-5.691648257143082,2025
2025-05-06,5,56,56,6.39703509655018,2025
2025-05-13,1,57,57,19.450706976516084,2025
2025-05-13,2,58,58,7.731857785392149,2025
2025-05-13,3,58,58,29.454899335631914,2025
2025-05-13,4,58,58,-65.87641551394223,2025
2025-05-13,5,58,58,9.574308433238587,2025
2025-05-27,1,54,54,-61.29516421189566,2025
2025-05-27,2,54,54,-2.3186005774270164,2025
2025-05-27,3,54,54,40.66950338155526,2025
2025-05-27,4,54,54,4.707723243356794,2025
2025-05-27,5,55,55,17.90496474323949,2025
2025-06-04,1,56,56,6.480592123998732,2025
2025-06-04,2,56,56,-14.724493777346924,2025
2025-06-04,3,56,56,-7.348884207930865,2025
2025-06-04,4,56,56,-7.262149978617457,2025
2025-06-04,5,56,56,22.854935839896523,2025
2025-06-11,1,54,54,-24.620186897275552,2025
2025-06-11,2,55,55,-22.98256781609144,2025
2025-06-11,3,54,54,18.912046335641143,2025
2025-06-11,4,55,55,45.931638984587345,2025
2025-06-11,5,55,55,-17.344714980709373,2025
2025-06-18,1,51,51,-24.786748284293356,2025
2025-06-18,2,51,51,-55.36226686606036,2025
2025-06-18,3,51,51,-4.005384281642356,2025
2025-06-18,4,51,51,30.3037520238875,2025
2025-06-18,5,52,52,52.815058034875776,2025
2025-06-25,1,51,51,-1.014088034069589,2025
2025-06-25,2,51,51,38.465430496009255,2025
2025-06-25,3,52,52,15.297973925218088,2025
2025-06-25,4,51,51,4.162171521956979,2025
2025-06-25,5,52,52,-56.111228024809016,2025
2025-07-02,1,58,58,-18.817225651160552,2025
2025-07-02,2,58,58,-24.596057250998502,2025
2025-07-02,3,58,58,5.224950940986972,2025
2025-07-02,4,58,58,47.049398446751525,2025
2025-07-02,5,59,59,-8.71087891802732,2025
2025-07-09,1,56,56,36.19412365323782,2025
2025-07-09,2,57,57,9.8568639710954,2025
2025-07-09,3,56,56,-46.25244031711365,2025
2025-07-09,4,57,57,-27.14041242454888,2025
2025-07-09,5,57,57,27.165403421471865,2025
2025-07-16,1,58,58,-64.61846674690935,2025
2025-07-16,2,59,59,29.937023253835264,2025
2025-07-16,3,58,58,58.03675605358209,2025
2025-07-16,4,59,59,-61.27347383416325,2025
2025-07-16,5,59,59,37.80660685512395,2025
2025-07-23,1,58,58,-24.95338384761717,2025
2025-07-23,2,59,59,39.77108660196014,2025
2025-07-23,3,58,58,14.504132236425725,2025
2025-07-23,4,59,59,107.46764331938547,2025
2025-07-23,5,59,59,-136.9665842696659,2025
2025-07-30,1,55,55,63.63054287217165,2025
2025-07-30,2,55,55,83.11235819168674,2025
2025-07-30,3,55,55,-58.542997009067946,2025
2025-07-30,4,55,54,3.1469028446178555,2025
2025-07-30,5,55,55,-91.28959048405162,2025
2025-08-06,1,54,54,-48.712885340889365,2025
2025-08-06,2,55,55,21.57960306177504,2025
2025-08-06,3,54,54,-62.130242858688966,2025
2025-08-06,4,55,53,-50.208759429067946,2025
2025-08-06,5,55,55,135.6311818930946,2025
2025-08-13,1,57,57,-166.3782329751903,2025
2025-08-13,2,58,58,-81.3132755409494,2025
2025-08-13,3,57,57,113.02002790012432,2025
2025-08-13,4,58,58,12.87467605834116,2025
2025-08-13,5,58,58,120.87683550465601,2025
2025-08-20,1,52,52,-63.171884293157404,2025
2025-08-20,2,53,53,0.16171425148991253,2025
2025-08-20,3,52,52,17.249824780445067,2025
2025-08-20,4,53,53,6.1661692721116586,2025
2025-08-20,5,53,53,38.72772203604064,2025
2025-08-27,1,54,54,93.76098548224833,2025
2025-08-27,2,55,54,-116.15180689869266,2025
2025-08-27,3,54,54,-3.7811409132395073,2025
2025-08-27,4,55,55,154.21849994704093,2025
2025-08-27,5,55,55,-128.52239147789686,2025
2025-09-03,1,56,56,-53.34227040552015,2025
2025-09-03,2,56,56,67.94007079577305,2025
2025-09-03,3,57,57,41.42765314518818,2025
2025-09-03,4,56,56,-3.5280195533824106,2025
2025-09-03,5,57,57,-52.30322730071006,2025
2025-09-10,1,53,53,-18.214202070615247,2025
2025-09-10,2,53,53,13.040164472533263,2025
2025-09-10,3,54,54,129.2857615538318,2025
2025-09-10,4,53,53,-16.714656243143786,2025
2025-09-10,5,54,54,-107.80241389485091,2025
2025-09-17,1,58,58,-101.49167135350152,2025
2025-09-17,2,58,58,-34.758608764546416,2025
2025-09-17,3,58,58,-93.39656460527463,2025
2025-09-17,4,58,58,27.431070509896454,2025
2025-09-17,5,59,59,198.7883882098087,2025
2025-09-24,1,48,48,-73.00955030377673,2025
2025-09-24,2,48,48,90.15018428043732,2025
2025-09-24,3,48,48,-19.697704751078028,2025
2025-09-24,4,48,48,-15.562714823334629,2025
2025-09-24,5,48,48,18.11978559775197,2025
2025-10-09,1,55,55,48.46259965177595,2025
2025-10-09,2,56,56,97.12424882508488,2025
2025-10-09,3,56,56,-8.51861505662431,2025
2025-10-09,4,56,56,-114.4075220469908,2025
2025-10-09,5,56,56,-21.795307808035528,2025
2025-10-16,1,56,56,-1.7867100341975843,2025
2025-10-16,2,57,57,64.22420240052263,2025
2025-10-16,3,57,57,-0.44196328918535455,2025
2025-10-16,4,57,57,-45.97152756825021,2025
2025-10-16,5,57,57,-16.05534729896315,2025
2025-10-23,1,53,53,-81.59748674699647,2025
2025-10-23,2,53,53,-98.35931902755371,2025
2025-10-23,3,53,53,-80.90257045913418,2025
2025-10-23,4,53,53,179.26168136319956,2025
2025-10-23,5,53,53,81.59769487048489,2025
2025-10-30,1,57,57,8.059972124445856,2025
2025-10-30,2,57,57,118.17518151522778,2025
2025-10-30,3,58,58,40.19480164262705,2025
2025-10-30,4,57,57,10.76134325317766,2025
2025-10-30,5,58,58,-174.82928996836026,2025
2025-11-06,1,55,55,25.698313237861964,2025
2025-11-06,2,55,55,-64.38118603484345,2025
2025-11-06,3,55,55,1.146496656958939,2025
2025-11-06,4,55,55,-4.76372126767754,2025
2025-11-06,5,56,56,41.54473852541973,2025
2025-11-20,1,51,51,-14.352660483504549,2025
2025-11-20,2,52,52,1.2112511158728079,2025
2025-11-20,3,51,51,-9.05310718370661,2025
2025-11-20,4,52,52,21.26225641207762,2025
2025-11-20,5,52,52,0.48214922258360376,2025
2025-11-27,1,50,50,12.086980209906885,2025
2025-11-27,2,51,51,59.03732147649157,2025
2025-11-27,3,51,51,129.87842097648561,2025
2025-11-27,4,51,51,-99.3134364413432,2025
2025-11-27,5,51,51,-101.45228660958193,2025
2025-12-04,1,56,56,-28.926918010398566,2025
2025-12-04,2,57,57,6.936158476814943,2025
2025-12-04,3,57,57,-29.914158470361404,2025
2025-12-04,4,57,57,35.29593997814532,2025
2025-12-04,5,57,57,16.101488236143602,2025
2025-12-11,1,56,56,36.493403980535696,2025
2025-12-11,2,56,56,47.786318526950005,2025
2025-12-11,3,57,57,-31.128220893167008,2025
2025-12-11,4,56,56,-34.23006342379428,2025
2025-12-11,5,57,56,-18.365577103146403,2025
2025-12-18,1,53,53,-85.10631328408385,2025
2025-12-18,2,53,53,-23.565569570602168,2025
2025-12-18,3,53,53,0.8360673770212851,2025
2025-12-18,4,53,53,109.04055914808305,2025
2025-12-18,5,54,53,-1.2047436704183678,2025
2025-12-25,1,53,53,-89.14936501196694,2025
2025-12-25,2,54,54,21.069375118355634,2025
2025-12-25,3,54,54,2.1709132821988444,2025
2025-12-25,4,54,54,-46.56375403885127,2025
2025-12-25,5,54,53,112.91289603966554,2025
2026-01-05,1,55,55,-165.8093056478843,2026
2026-01-05,2,56,56,-118.00548708239437,2026
2026-01-05,3,55,55,-28.265357661959868,2026
2026-01-05,4,56,56,-59.014721344973,2026
2026-01-05,5,56,56,367.6292527495356,2026
2026-01-12,1,54,54,122.49632981661034,2026
2026-01-12,2,54,54,10.074225332875175,2026
2026-01-12,3,54,54,-77.82971136788781,2026
2026-01-12,4,54,54,14.040747722394425,2026
2026-01-12,5,54,54,-68.78159150399223,2026
2026-01-19,1,56,56,-94.43313688827156,2026
2026-01-19,2,57,57,-24.181016913965312,2026
2026-01-19,3,56,56,120.01302999001341,2026
2026-01-19,4,57,57,69.55835380092168,2026
2026-01-19,5,57,57,-70.50845993428167,2026
2026-01-26,1,52,52,79.96886974527328,2026
2026-01-26,2,52,52,-46.25438706938132,2026
2026-01-26,3,53,53,-32.64276222015302,2026
2026-01-26,4,52,52,28.346841016996873,2026
2026-01-26,5,53,53,-28.247593101171883,2026
2026-02-02,1,52,52,44.93937074196121,2026
2026-02-02,2,52,52,44.8724600627598,2026
2026-02-02,3,53,53,-18.060657784014257,2026
2026-02-02,4,52,51,25.63557916948147,2026
2026-02-02,5,53,53,-94.72480899879808,2026
2026-02-09,1,52,52,49.51294602530724,2026
2026-02-09,2,52,52,113.08546591564964,2026
2026-02-09,3,52,52,73.91691459767554,2026
2026-02-09,4,52,51,-128.01725440066855,2026
2026-02-09,5,52,52,-110.95994241489976,2026
2026-02-24,1,55,55,52.77742515513987,2026
2026-02-24,2,56,56,18.747891493746653,2026
2026-02-24,3,56,56,76.04185809171561,2026
2026-02-24,4,56,55,81.62818372882604,2026
2026-02-24,5,56,56,-226.79525831078607,2026
2026-03-03,1,51,51,105.95199868926866,2026
2026-03-03,2,51,51,33.044881927492014,2026
2026-03-03,3,51,51,-23.899165928147408,2026
2026-03-03,4,51,51,-70.00217653393172,2026
2026-03-03,5,51,51,-45.095538154681506,2026
2026-03-10,1,56,56,86.47980011146355,2026
2026-03-10,2,56,56,114.92947774785816,2026
2026-03-10,3,56,56,-11.085056298069645,2026
2026-03-10,4,56,56,-77.91434812573284,2026
2026-03-10,5,57,57,-110.43777039279082,2026
2026-03-17,1,55,55,-82.30830177186593,2026
2026-03-17,2,56,56,-43.1627753202779,2026
2026-03-17,3,55,55,46.74587241160405,2026
2026-03-17,4,56,56,10.31388549828656,2026
2026-03-17,5,56,56,67.77627580081977,2026
2026-03-24,1,43,43,115.02417318967771,2026
2026-03-24,2,44,44,101.10975991744289,2026
2026-03-24,3,44,44,-95.41396898309279,2026
2026-03-24,4,44,44,-16.848362450800554,2026
2026-03-24,5,44,44,-101.25741591891635,2026
2026-03-31,1,57,57,11.340168561116112,2026
2026-03-31,2,58,58,-45.519417208423775,2026
2026-03-31,3,57,57,-40.377702173816694,2026
2026-03-31,4,58,58,34.44869964815299,2026
2026-03-31,5,58,58,39.607604041717906,2026
2026-04-08,1,55,55,-41.73826225774226,2026
2026-04-08,2,55,55,-31.92486508194677,2026
2026-04-08,3,55,55,-11.760228921788816,2026
2026-04-08,4,55,55,28.828074427464067,2026
2026-04-08,5,56,56,55.5846518012637,2026
2026-04-15,1,54,54,-58.944458717754415,2026
2026-04-15,2,54,54,-12.543223126381397,2026
2026-04-15,3,55,55,63.67335056662015,2026
2026-04-15,4,54,53,50.646013534580966,2026
2026-04-15,5,55,55,-42.289785071155684,2026
2026-04-22,1,55,55,-17.557578037756638,2026
2026-04-22,2,56,56,25.83262310248799,2026
2026-04-22,3,55,55,-34.4131007673188,2026
2026-04-22,4,56,56,58.4732383698652,2026
2026-04-22,5,56,56,-33.26323050308266,2026
2026-04-29,1,53,53,-190.99494674153243,2026
2026-04-29,2,54,54,-9.810810482524628,2026
2026-04-29,3,53,53,44.02369432921552,2026
2026-04-29,4,54,54,154.6276003861293,2026
2026-04-29,5,54,54,-0.5672273507751485,2026
2026-05-11,1,54,54,64.92295485261872,2026
2026-05-11,2,54,54,148.99490273780816,2026
2026-05-11,3,55,55,-132.19947205166665,2026
2026-05-11,4,54,54,-158.94071916906603,2026
2026-05-11,5,55,55,78.22191796523971,2026
2026-05-18,1,53,53,118.120108482465,2026
2026-05-18,2,54,54,13.828885679505655,2026
2026-05-18,3,54,54,-21.624905877014985,2026
2026-05-18,4,54,54,-38.64237654588799,2026
2026-05-18,5,54,54,-69.49430232272574,2026
2026-05-25,1,53,53,214.29301704529914,2026
2026-05-25,2,53,53,-1.6947970777533676,2026
2026-05-25,3,54,54,-57.23032835691273,2026
2026-05-25,4,53,53,7.757665598762346,2026
2026-05-25,5,54,54,-159.0448926618711,2026
2026-06-01,1,52,52,48.0394316139967,2026
2026-06-01,2,53,53,33.85094686045996,2026
2026-06-01,3,52,52,-97.44937501749158,2026
2026-06-01,4,53,53,8.6860243283967,2026
2026-06-01,5,53,53,5.940709131553451,2026
2026-06-08,1,51,51,90.09781331552749,2026
2026-06-08,2,52,52,10.901085173331792,2026
2026-06-08,3,51,51,8.571615040161712,2026
2026-06-08,4,52,52,-51.48646619554918,2026
2026-06-08,5,52,52,-56.18655832663171,2026
2026-06-15,1,50,50,-208.66464277804968,2026
2026-06-15,2,50,50,-110.09348910749335,2026
2026-06-15,3,50,50,56.31412446958246,2026
2026-06-15,4,50,50,176.20122076767777,2026
2026-06-15,5,51,51,84.55175161596352,2026
2026-06-23,1,50,50,-126.16188253003605,2026
2026-06-23,2,50,50,90.03910353344453,2026
2026-06-23,3,51,51,-32.2227481344892,2026
2026-06-23,4,50,50,-51.081788021557216,2026
2026-06-23,5,51,51,117.71742168169396,2026
2026-06-30,1,48,48,214.61636300524083,2026
2026-06-30,2,49,49,99.40849970194057,2026
2026-06-30,3,49,49,-122.23360006897907,2026
2026-06-30,4,49,49,-132.79382269571747,2026
2026-06-30,5,49,49,-54.61751416686771,2026
2026-07-07,1,58,58,116.77069460090499,2026
2026-07-07,2,58,58,-7.459479966808978,2026
2026-07-07,3,58,58,4.999014386883492,2026
2026-07-07,4,58,58,28.216305796416478,2026
2026-07-07,5,59,59,-140.11083083744015,2026
2026-07-14,1,55,55,16.98279726687702,2026
2026-07-14,2,55,55,42.74303045171643,2026
2026-07-14,3,56,56,-8.197426760853846,2026
2026-07-14,4,55,55,114.64561318323314,2026
2026-07-14,5,56,56,-163.060238410583,2026
2026-07-21,1,47,47,-70.30713334664016,2026
2026-07-21,2,48,48,-115.98159365559492,2026
2026-07-21,3,47,47,52.301712658111825,2026
2026-07-21,4,48,48,102.86583828013508,2026
2026-07-21,5,48,48,30.74606313297718,2026
2026-07-28,1,56,56,13.210555339822644,2026
2026-07-28,2,57,57,-60.232459931704874,2026
2026-07-28,3,56,56,50.7971716627968,2026
2026-07-28,4,57,57,50.33256584528162,2026
2026-07-28,5,57,57,-52.9848903372029,2026
2026-08-04,1,57,57,341.8375729248056,2026
2026-08-04,2,58,58,107.80809055639826,2026
2026-08-04,3,57,57,-119.0226716324963,2026
2026-08-04,4,58,58,-193.643388543978,2026
2026-08-04,5,58,58,-133.1379670755518,2026
2026-08-11,1,54,54,-41.40762065266195,2026
2026-08-11,2,54,54,55.680889395583506,2026
2026-08-11,3,54,54,64.15061415587246,2026
2026-08-11,4,54,54,-83.39640177084988,2026
2026-08-11,5,55,55,4.882109438018502,2026
2026-08-18,1,55,55,171.23401138559896,2026
2026-08-18,2,56,56,110.13727469672489,2026
2026-08-18,3,55,55,-134.1503620500461,2026
2026-08-18,4,56,56,-147.45112584606588,2026
2026-08-18,5,56,56,0.8924098376374492,2026
2026-08-25,1,51,51,-44.62621260788252,2026
2026-08-25,2,51,51,-15.703314813687568,2026
2026-08-25,3,51,51,-53.2959303387776,2026
2026-08-25,4,51,51,25.636534066504485,2026
2026-08-25,5,52,52,86.29682900742317,2026
2026-09-01,1,57,57,0.7273547060361509,2026
2026-09-01,2,57,57,4.44375455272674,2026
2026-09-01,3,58,58,5.808659411822752,2026
2026-09-01,4,57,57,-42.24636377473514,2026
2026-09-01,5,58,58,30.627366578012072,2026
2026-09-15,1,50,50,43.628416214545645,2026
2026-09-15,2,50,50,-25.853801347856045,2026
2026-09-15,3,50,50,138.21543933089504,2026
2026-09-15,4,50,50,-62.33653702061371,2026
2026-09-15,5,50,50,-93.65351717697091,2026
