factor,period,months,mean_ic,positive_fraction,mean_names,mean_size_rank_corr
cashflow_assets,all,79,0.0020871387704587754,0.6075949367088608,291.37974683544303,0.056228276554796446
cashflow_assets,discovery_2020_23,48,0.010052207323301789,0.6458333333333334,289.9583333333333,0.03254476038010235
cashflow_assets,review_2024_25,24,-0.019915130363513233,0.5,292.9166666666667,0.07263141138778961
cashflow_assets,seen_2026,7,0.022905877153153575,0.7142857142857143,295.85714285714283,0.16239021089672226
negative_leverage,all,79,-0.018194410301724837,0.46835443037974683,291.37974683544303,-0.20553941692570132
negative_leverage,discovery_2020_23,48,-0.01823207634066872,0.5208333333333334,289.9583333333333,-0.18131081023046455
negative_leverage,review_2024_25,24,-0.01843536985710103,0.375,292.9166666666667,-0.2667213112874171
negative_leverage,seen_2026,7,-0.017109981844819846,0.42857142857142855,295.85714285714283,-0.16191193931001374
profit_assets,all,79,-0.019156494521805338,0.4810126582278481,291.37974683544303,-0.04706623159389453
profit_assets,discovery_2020_23,48,-0.02537510102448846,0.4583333333333333,289.9583333333333,-0.05488139377863168
profit_assets,review_2024_25,24,-0.026383535539668657,0.4166666666666667,292.9166666666667,-0.07685185549133892
profit_assets,seen_2026,7,0.0482638049864103,0.8571428571428571,295.85714285714283,0.10864559103554092
