window,horizon,period,days,mean_ic,positive_fraction,coverage,min_names
1,1,all,1634,-0.020356381884759925,0.45348837209302323,0.9996935380463802,295
1,1,discovery_2020_23,970,-0.01687103596333423,0.4577319587628866,0.9996971691812179,297
1,1,review_2024_25,485,-0.027722354432035575,0.43711340206185567,0.9996694580896627,295
1,1,seen_2026,179,-0.01928536992025843,0.4748603351955307,0.9997391055224429,297
1,5,all,1630,-0.0026586732688550353,0.5110429447852761,0.9990702055606773,295
1,5,discovery_2020_23,970,-0.0034751981152480143,0.49587628865979383,0.9990777385445199,296
1,5,review_2024_25,485,-0.004455824660661386,0.51340206185567,0.9990084674507707,295
1,5,seen_2026,175,0.0068478840227293655,0.5885714285714285,0.9991995540691193,297
5,1,all,1630,-0.01129043598003771,0.48711656441717793,0.9991028353322683,295
5,1,discovery_2020_23,966,-0.013834686849055792,0.47929606625258797,0.9990808091172841,296
5,1,review_2024_25,485,-0.01074848574996723,0.49072164948453606,0.9990977427789313,295
5,1,seen_2026,179,0.0009715778629080079,0.5195530726256983,0.9992355013213363,297
5,5,all,1626,0.0050773771334800336,0.5307503075030751,0.9984827076271896,295
5,5,discovery_2020_23,966,0.008354207133285517,0.5424430641821946,0.9984588135504134,295
5,5,review_2024_25,485,0.00027658777202778606,0.51340206185567,0.9984367521400392,295
5,5,seen_2026,175,0.0002943203362928545,0.5142857142857142,0.9987419652810956,297
10,1,all,1625,-0.0037037234555926855,0.49846153846153846,0.9979930180943195,270
10,1,discovery_2020_23,961,-0.006402018873600431,0.5015608740894901,0.9976906933265374,270
10,1,review_2024_25,485,-0.0014655364088873059,0.5010309278350515,0.9983398839472079,295
10,1,seen_2026,179,0.0047182943044818074,0.4748603351955307,0.9986762815758159,297
10,5,all,1621,0.008392540796092146,0.5293028994447871,0.9973682389965959,270
10,5,discovery_2020_23,961,0.007427246505468783,0.5234131113423517,0.997065461570453,270
10,5,review_2024_25,485,0.014468114744567063,0.5484536082474227,0.9976788933083158,295
10,5,seen_2026,175,-0.0031446337851723303,0.5085714285714286,0.9981699633699634,297
