window,year,months,gross_mean,benchmark_mean,net_mean,mean_turnover,gross_excess_bps,net_excess_bps
60,2020,12,0.0019968666206593047,0.020323477966063007,0.0012925803118964962,0.4695242058418718,-183.26611345403703,-190.30897654166512
60,2021,12,0.008288707358303145,0.004557837606059871,0.0076533970892630095,0.42354017936009036,37.308697522432745,30.955594832031384
60,2022,12,-0.006945715671714959,-0.014521062006329404,-0.007492580075619477,0.3645762692696792,75.75346334614444,70.28481930709927
60,2023,12,0.007362438444754971,-0.005253908035656823,0.0067237043079007635,0.42582275790280577,126.16346480411794,119.77612343557587
60,2024,12,0.029299278002042992,0.01758133205090346,0.028682315778946366,0.4113081487310833,117.17945951139532,111.00983728042905
60,2025,12,0.003211888593020823,0.015717470001770387,0.0024801472637701835,0.48782755283375945,-125.05581408749563,-132.37322738000205
60,2026,8,-0.0020677285342801804,0.0007556342801304924,-0.002621073728999621,0.36889679647962764,-28.233628144106728,-33.76708009130113
252,2020,11,0.013708237748741442,0.032440165393117455,0.013366136670960073,0.22806738518757816,-187.31927644376015,-190.74028722157382
252,2021,12,0.006821496883391404,0.004843343432412974,0.006495955852836491,0.2170273537032745,19.781534509784297,16.526124204235167
252,2022,12,-0.0038504097853544216,-0.014622119291221607,-0.004077160446806913,0.15116710763499422,107.71709505867186,105.44958844414694
252,2023,12,0.010269227576146029,-0.005249218193692232,0.010021601149987383,0.1650842841057633,155.1844576983826,152.70819343679617
252,2024,12,0.026614779070385175,0.017593127233310465,0.026296135118096125,0.21242930152603232,90.2165183707471,87.0300788478566
252,2025,12,0.0019176025211068148,0.015800302154038378,0.0017095974839963035,0.1386700247403409,-138.82699632931562,-140.90704670042075
252,2026,8,-0.00037063058010094714,0.0008930527328452546,-0.0006439969343589895,0.1822442361720293,-12.636833129462017,-15.37049667204244
