window,factor,period,months,mean_ic,negative_fraction,mean_names
10,interday_revised,all,79,-0.04575045413015649,0.6582278481012658,295.46835443037975
10,interday_revised,discovery_2020_23,48,-0.051431263642454955,0.6666666666666666,295.0625
10,interday_revised,review_2024_25,24,-0.030093790633760432,0.6666666666666666,296.0
10,interday_revised,seen_2026,7,-0.06047632089061066,0.5714285714285714,296.42857142857144
10,interday_turn,all,79,-0.03607552835586267,0.5822784810126582,295.46835443037975
10,interday_turn,discovery_2020_23,48,-0.047882172763297516,0.6666666666666666,295.0625
10,interday_turn,review_2024_25,24,-0.007795273790346154,0.5,296.0
10,interday_turn,seen_2026,7,-0.052076553786651755,0.2857142857142857,296.42857142857144
10,interday_volflip,all,79,-0.032881522752884945,0.5822784810126582,295.873417721519
10,interday_volflip,discovery_2020_23,48,-0.03339124456012129,0.5416666666666666,295.5
10,interday_volflip,review_2024_25,24,-0.035983015960425566,0.6666666666666666,296.4583333333333
10,interday_volflip,seen_2026,7,-0.0187525965059821,0.5714285714285714,296.42857142857144
10,intraday_revised,all,79,-0.035674719106844666,0.5949367088607594,295.46835443037975
10,intraday_revised,discovery_2020_23,48,-0.042575419073618836,0.625,295.0625
10,intraday_revised,review_2024_25,24,-0.01642766411223101,0.5833333333333334,296.0
10,intraday_revised,seen_2026,7,-0.054345536459068644,0.42857142857142855,296.42857142857144
10,intraday_turn,all,79,-0.023726887162519847,0.569620253164557,295.46835443037975
10,intraday_turn,discovery_2020_23,48,-0.03422481268848134,0.6041666666666666,295.0625
10,intraday_turn,review_2024_25,24,0.004196150436188348,0.5416666666666666,296.0
10,intraday_turn,seen_2026,7,-0.04747724103721198,0.42857142857142855,296.42857142857144
10,intraday_volflip,all,79,-0.029342413671116382,0.5822784810126582,295.873417721519
10,intraday_volflip,discovery_2020_23,48,-0.031306137810969685,0.5416666666666666,295.5
10,intraday_volflip,review_2024_25,24,-0.025525247325412306,0.6666666666666666,296.4583333333333
10,intraday_volflip,seen_2026,7,-0.028964304183107695,0.5714285714285714,296.42857142857144
10,overnight_revised,all,79,-0.04061627433265821,0.5063291139240507,295.126582278481
10,overnight_revised,discovery_2020_23,48,-0.054471776763865776,0.5416666666666666,295.0208333333333
10,overnight_revised,review_2024_25,24,-0.034670160419458466,0.5,295.7083333333333
10,overnight_revised,seen_2026,7,0.034006208921794616,0.2857142857142857,293.85714285714283
10,overnight_turn,all,79,-0.020155268986302526,0.5189873417721519,295.126582278481
10,overnight_turn,discovery_2020_23,48,-0.04131779121407956,0.6041666666666666,295.0208333333333
10,overnight_turn,review_2024_25,24,0.010339938130010112,0.4166666666666667,295.7083333333333
10,overnight_turn,seen_2026,7,0.020404173319668078,0.2857142857142857,293.85714285714283
10,overnight_volflip,all,79,-0.021349374721788425,0.569620253164557,295.873417721519
10,overnight_volflip,discovery_2020_23,48,-0.018784645327579546,0.5833333333333334,295.5
10,overnight_volflip,review_2024_25,24,-0.045047669722341116,0.625,296.4583333333333
10,overnight_volflip,seen_2026,7,0.04231520657695992,0.2857142857142857,296.42857142857144
10,team_coin,all,79,-0.05081552235450286,0.6455696202531646,295.126582278481
10,team_coin,discovery_2020_23,48,-0.06134505857570777,0.6875,295.0208333333333
10,team_coin,review_2024_25,24,-0.03245869029181451,0.6666666666666666,295.7083333333333
10,team_coin,seen_2026,7,-0.04155069819545783,0.2857142857142857,293.85714285714283
20,interday_revised,all,78,-0.056609647906390954,0.6153846153846154,292.46153846153845
20,interday_revised,discovery_2020_23,47,-0.07321328996885067,0.7021276595744681,291.51063829787233
20,interday_revised,review_2024_25,24,-0.022260858863306383,0.5,294.125
20,interday_revised,seen_2026,7,-0.06289532792045145,0.42857142857142855,293.14285714285717
20,interday_turn,all,78,-0.04282217055341807,0.5897435897435898,292.46153846153845
20,interday_turn,discovery_2020_23,47,-0.05843179020520302,0.6595744680851063,291.51063829787233
20,interday_turn,review_2024_25,24,-0.012264585091914746,0.5416666666666666,294.125
20,interday_turn,seen_2026,7,-0.042783588759444706,0.2857142857142857,293.14285714285717
20,interday_volflip,all,78,-0.03868790581768547,0.6410256410256411,294.79487179487177
20,interday_volflip,discovery_2020_23,47,-0.0445967247378847,0.6595744680851063,294.3829787234043
20,interday_volflip,review_2024_25,24,-0.03325911642436249,0.625,295.3333333333333
20,interday_volflip,seen_2026,7,-0.017627399559169414,0.5714285714285714,295.7142857142857
20,intraday_revised,all,78,-0.05325357794439981,0.6282051282051282,292.46153846153845
20,intraday_revised,discovery_2020_23,47,-0.06006632470683518,0.6808510638297872,291.51063829787233
20,intraday_revised,review_2024_25,24,-0.035648950196132574,0.5833333333333334,294.125
20,intraday_revised,seen_2026,7,-0.0678695733906786,0.42857142857142855,293.14285714285717
20,intraday_turn,all,78,-0.03367295170527474,0.5641025641025641,292.46153846153845
20,intraday_turn,discovery_2020_23,47,-0.04449641188930333,0.6595744680851063,291.51063829787233
20,intraday_turn,review_2024_25,24,-0.003439423375407045,0.4583333333333333,294.125
20,intraday_turn,seen_2026,7,-0.06465895902920056,0.2857142857142857,293.14285714285717
20,intraday_volflip,all,78,-0.052037629372621484,0.6666666666666666,294.79487179487177
20,intraday_volflip,discovery_2020_23,47,-0.04536760696035092,0.6595744680851063,294.3829787234043
20,intraday_volflip,review_2024_25,24,-0.07212447106724211,0.75,295.3333333333333
20,intraday_volflip,seen_2026,7,-0.027952894044881733,0.42857142857142855,295.7142857142857
20,overnight_revised,all,78,-0.05243247494759044,0.5641025641025641,292.4102564102564
20,overnight_revised,discovery_2020_23,47,-0.06981505268430599,0.6382978723404256,291.4468085106383
20,overnight_revised,review_2024_25,24,-0.02922958267741008,0.5,294.0833333333333
20,overnight_revised,seen_2026,7,-0.015273655070261547,0.2857142857142857,293.14285714285717
20,overnight_turn,all,78,-0.037303832768474154,0.5897435897435898,292.4102564102564
20,overnight_turn,discovery_2020_23,47,-0.06158924319060286,0.7021276595744681,291.4468085106383
20,overnight_turn,review_2024_25,24,0.012408647155881712,0.4583333333333333,294.0833333333333
20,overnight_turn,seen_2026,7,-0.04468743681768723,0.2857142857142857,293.14285714285717
20,overnight_volflip,all,78,-0.027639485161118155,0.6666666666666666,294.79487179487177
20,overnight_volflip,discovery_2020_23,47,-0.02217369437490186,0.7021276595744681,294.3829787234043
20,overnight_volflip,review_2024_25,24,-0.05009079658320309,0.7083333333333334,295.3333333333333
20,overnight_volflip,seen_2026,7,0.01263755872143509,0.2857142857142857,295.7142857142857
20,team_coin,all,78,-0.0702574355183976,0.6282051282051282,292.4102564102564
20,team_coin,discovery_2020_23,47,-0.08615358125240156,0.723404255319149,291.4468085106383
20,team_coin,review_2024_25,24,-0.04336182322468895,0.5416666666666666,294.0833333333333
20,team_coin,seen_2026,7,-0.05573969916851486,0.2857142857142857,293.14285714285717
40,interday_revised,all,77,-0.04750121988312066,0.5844155844155844,288.5844155844156
40,interday_revised,discovery_2020_23,46,-0.06162547474162903,0.6739130434782609,287.2608695652174
40,interday_revised,review_2024_25,24,-0.02099149768534861,0.5,291.2916666666667
40,interday_revised,seen_2026,7,-0.04557516406242695,0.2857142857142857,288.0
40,interday_turn,all,77,-0.04884289824765036,0.5714285714285714,288.5844155844156
40,interday_turn,discovery_2020_23,46,-0.06479420374120282,0.6739130434782609,287.2608695652174
40,interday_turn,review_2024_25,24,-0.018319217375814673,0.4583333333333333,291.2916666666667
40,interday_turn,seen_2026,7,-0.04867265370774228,0.2857142857142857,288.0
40,interday_volflip,all,77,-0.024311527614510834,0.5454545454545454,291.12987012987014
40,interday_volflip,discovery_2020_23,46,-0.030866505660062164,0.5869565217391305,290.19565217391306
40,interday_volflip,review_2024_25,24,-0.015071052545136443,0.4583333333333333,292.625
40,interday_volflip,seen_2026,7,-0.012917586410171456,0.5714285714285714,292.14285714285717
40,intraday_revised,all,77,-0.04245096968110276,0.5714285714285714,288.5844155844156
40,intraday_revised,discovery_2020_23,46,-0.052321222228226306,0.6521739130434783,287.2608695652174
40,intraday_revised,review_2024_25,24,-0.02126697319365685,0.5,291.2916666666667
40,intraday_revised,seen_2026,7,-0.05022015518553397,0.2857142857142857,288.0
40,intraday_turn,all,77,-0.046605362748094646,0.5844155844155844,288.5844155844156
40,intraday_turn,discovery_2020_23,46,-0.05822355048422909,0.6521739130434783,287.2608695652174
40,intraday_turn,review_2024_25,24,-0.018125705176304966,0.5416666666666666,291.2916666666667
40,intraday_turn,seen_2026,7,-0.06790181215677579,0.2857142857142857,288.0
40,intraday_volflip,all,77,-0.022838184018570885,0.5324675324675324,291.12987012987014
40,intraday_volflip,discovery_2020_23,46,-0.0246887106403642,0.4782608695652174,290.19565217391306
40,intraday_volflip,review_2024_25,24,-0.02214182233052449,0.625,292.625
40,intraday_volflip,seen_2026,7,-0.013065106291516772,0.5714285714285714,292.14285714285717
40,overnight_revised,all,77,-0.04263263402265812,0.5844155844155844,288.5064935064935
40,overnight_revised,discovery_2020_23,46,-0.06120189960152239,0.6304347826086957,287.17391304347825
40,overnight_revised,review_2024_25,24,-0.011801811052078453,0.5416666666666666,291.2083333333333
40,overnight_revised,seen_2026,7,-0.026311710403537508,0.42857142857142855,288.0
40,overnight_turn,all,77,-0.037462995127729916,0.5974025974025974,288.5064935064935
40,overnight_turn,discovery_2020_23,46,-0.05978988208665756,0.6521739130434783,287.17391304347825
40,overnight_turn,review_2024_25,24,0.005485096104570485,0.5,291.2083333333333
40,overnight_turn,seen_2026,7,-0.03799405076552113,0.5714285714285714,288.0
40,overnight_volflip,all,77,-0.019399354587245097,0.5454545454545454,291.12987012987014
40,overnight_volflip,discovery_2020_23,46,-0.021872392864862485,0.5652173913043478,290.19565217391306
40,overnight_volflip,review_2024_25,24,-0.02214957429881811,0.5416666666666666,292.625
40,overnight_volflip,seen_2026,7,0.006281364533919499,0.42857142857142855,292.14285714285717
40,team_coin,all,77,-0.057750247522476865,0.6103896103896104,288.5064935064935
40,team_coin,discovery_2020_23,46,-0.07838735934267996,0.6739130434782609,287.17391304347825
40,team_coin,review_2024_25,24,-0.019987647476460688,0.5416666666666666,291.2083333333333
40,team_coin,seen_2026,7,-0.051606712861769176,0.42857142857142855,288.0
