rank_days,corr_days,max_days,horizon,period,days,mean_ic,positive_fraction,mean_names
3,3,3,1,all,1504,0.0048788315790349035,0.5126329787234043,148.39162234042553
3,3,3,1,discovery_2020_23,894,0.0016672851465142434,0.5033557046979866,149.38031319910513
3,3,3,1,review_2024_25,439,0.010607124751840448,0.5193621867881549,148.6378132118451
3,3,3,1,seen_2026,171,0.00696305267734973,0.543859649122807,142.5906432748538
3,3,3,5,all,1500,0.006050552562760898,0.5293333333333333,148.364
3,3,3,5,discovery_2020_23,894,0.00034225340293525677,0.5100671140939598,149.28635346756153
3,3,3,5,review_2024_25,439,0.010571311690604237,0.5466970387243736,148.56719817767654
3,3,3,5,seen_2026,167,0.02472484113617944,0.5868263473053892,142.89221556886227
5,5,3,1,all,1620,0.0130267765314692,0.5481481481481482,271.9148148148148
5,5,3,1,discovery_2020_23,960,0.012733752578617306,0.54375,272.0864583333333
5,5,3,1,review_2024_25,481,0.014000820152564071,0.5634095634095634,272.86278586278587
5,5,3,1,seen_2026,179,0.0119808995090736,0.5307262569832403,268.44692737430165
5,5,3,5,all,1616,0.025313073641330498,0.5872524752475248,271.7456683168317
5,5,3,5,discovery_2020_23,960,0.018191704340523383,0.5645833333333333,271.91979166666664
5,5,3,5,review_2024_25,481,0.026864019482860383,0.5925155925155925,272.6798336798337
5,5,3,5,seen_2026,175,0.06011598552132453,0.6971428571428572,268.22285714285715
10,10,5,1,all,1612,0.01242689121888071,0.532258064516129,294.41315136476425
10,10,5,1,discovery_2020_23,948,0.008872091279242171,0.5263713080168776,293.80168776371306
10,10,5,1,review_2024_25,485,0.01578626093978146,0.5360824742268041,295.45567010309276
10,10,5,1,seen_2026,179,0.022151226571620768,0.553072625698324,294.8268156424581
10,10,5,5,all,1608,0.02179755430658093,0.5715174129353234,294.22512437810946
10,10,5,5,discovery_2020_23,948,0.015351053840159667,0.569620253164557,293.61603375527426
10,10,5,5,review_2024_25,485,0.022217403883716326,0.5525773195876289,295.2659793814433
10,10,5,5,seen_2026,175,0.05555558514804776,0.6342857142857142,294.64
