smooth,hold,breadth,year,periods,gross_excess_bps,mean_turnover,buy_blocked,sell_blocked,st_name,skipped_periods,net_excess_5bps,net_excess_10bps,net_excess_15bps,net_excess_25bps
1,5,0.2,2020,45,10.561903216230775,1.492997799119387,0.0,40.0,50.0,2,3.09691422063384,-4.368074774963095,-11.833063770560031,-26.763041761753904
1,5,0.2,2021,48,-11.198579528164244,1.5081829361669534,0.0,0.0,42.0,1,-18.739494208999012,-26.28040888983378,-33.82132357066855,-48.90315293233808
1,5,0.2,2022,48,5.141160713833127,1.5333415228179328,0.0,0.0,19.0,0,-2.525546900256537,-10.192254514346201,-17.858962128435866,-33.1923773566152
1,5,0.2,2023,48,1.7854093909007964,1.5293408218940956,4.0,2.0,5.0,0,-5.861294718569681,-13.50799882804016,-21.15470293751064,-36.448111156451596
1,5,0.2,2024,47,16.704482430528106,1.5194244515449178,0.0,0.0,5.0,1,9.107360172803517,1.5102379150789282,-6.086884342645661,-21.281128858094842
1,5,0.2,2025,44,-9.224097282705316,1.496541022552356,0.0,0.0,2.0,4,-16.706802395467097,-24.18950750822888,-31.672212620990656,-46.63762284651422
1,5,0.2,2026,34,28.824079141514087,1.49698738885653,0.0,0.0,0.0,3,21.33914219723144,13.854205252948788,6.36926830866614,-8.600605579899163
1,5,0.4,2020,43,-3.21100846158815,1.158139354447688,1.0,85.0,103.0,4,-9.00170523382659,-14.792402006065029,-20.58309877830347,-32.16449232278035
1,5,0.4,2021,46,2.3966574841729575,1.1760677590397828,1.0,1.0,83.0,3,-3.4836813110259564,-9.36402010622487,-15.244358901423785,-27.00503649182161
1,5,0.4,2022,46,1.7638831341640746,1.2109222506968327,0.0,2.0,34.0,2,-4.290728119320089,-10.34533937280425,-16.399950626288415,-28.50917313325674
1,5,0.4,2023,48,-7.732520072569064,1.1905127636926924,5.0,2.0,14.0,0,-13.685083891032527,-19.637647709495987,-25.59021152795945,-37.495339164886374
1,5,0.4,2024,45,20.234380483061763,1.214411935003824,0.0,1.0,16.0,3,14.162320808042644,8.090261133023523,2.018201458004402,-10.12591789203384
1,5,0.4,2025,41,-1.22194066116347,1.1705816546204666,0.0,0.0,3.0,7,-7.074848934265803,-12.927757207368137,-18.780665480470468,-30.486482026675134
1,5,0.4,2026,34,21.865834075978604,1.188965957798896,1.0,0.0,0.0,3,15.921004286984125,9.976174497989645,4.031344708995164,-7.858314868993798
1,10,0.2,2020,22,7.775015050934923,1.5692428747806288,0.0,0.0,24.0,2,-0.07119932296822196,-7.917413696871367,-15.763628070774512,-31.4560568185808
1,10,0.2,2021,23,-20.60922260354357,1.5962111132406445,0.0,1.0,20.0,1,-28.590278169746796,-36.57133373595002,-44.55238930215324,-60.514500434559686
1,10,0.2,2022,24,26.17332298910422,1.6249256515451709,0.0,0.0,8.0,0,18.04869473137837,9.924066473652513,1.7994382159266564,-14.449818299525049
1,10,0.2,2023,24,-3.45556699709102,1.6273982399965246,0.0,0.0,3.0,0,-11.592558197073643,-19.729549397056264,-27.866540597038888,-44.14052299700413
1,10,0.2,2024,23,21.76034700738916,1.576726109327758,0.0,1.0,4.0,1,13.87671646075037,5.99308591411158,-1.8905446325272095,-17.65780572580479
1,10,0.2,2025,21,-14.13270349251413,1.501533594454391,0.0,0.0,2.0,3,-21.640371464786085,-29.14803943705804,-36.65570740933,-51.671043353873905
1,10,0.2,2026,17,45.78076536457222,1.6234490458446462,0.0,0.0,0.0,1,37.66352013534899,29.546274906125756,21.429029676902523,5.194539218456065
1,10,0.4,2020,21,6.054871197815085,1.246434141666813,1.0,0.0,47.0,3,-0.17729951051898052,-6.409470218853046,-12.641640927187108,-25.10598234385524
1,10,0.4,2021,23,-4.1228855896535705,1.2614548248919613,1.0,2.0,40.0,1,-10.430159714113376,-16.737433838573182,-23.04470796303299,-35.6592562119526
1,10,0.4,2022,22,8.108727625759604,1.285071574660847,0.0,0.0,16.0,2,1.683369752455369,-4.741988120848866,-11.1673459941531,-24.018061740761567
1,10,0.4,2023,24,-10.663852518373771,1.2472124597410017,0.0,0.0,10.0,0,-16.89991481707878,-23.13597711578379,-29.372039414488796,-41.84416401189881
1,10,0.4,2024,21,26.06297864333861,1.2293998067050587,0.0,1.0,9.0,3,19.915979609813316,13.768980576288023,7.621981542762729,-4.672016524287855
1,10,0.4,2025,19,-8.308540194666556,1.1870171766789892,0.0,0.0,3.0,5,-14.243626078061501,-20.178711961456447,-26.113797844851394,-37.983969611641285
1,10,0.4,2026,16,34.42662405125014,1.2800127487538078,1.0,0.0,0.0,2,28.0265603074811,21.62649656371206,15.226432819943021,2.4263053324049437
5,5,0.2,2020,41,0.0955267348823595,1.4094594333438237,1.0,0.0,47.0,0,-6.951770431836759,-13.999067598555879,-21.046364765274998,-35.14095909871323
5,5,0.2,2021,48,-13.691725360091452,1.4128428611871993,1.0,0.0,41.0,0,-20.755939666027448,-27.820153971963443,-34.88436827789944,-49.01279688977144
5,5,0.2,2022,44,19.638526238950973,1.3918245196665053,0.0,0.0,17.0,0,12.679403640618446,5.7202810422859205,-1.238841556046605,-15.157086752711663
5,5,0.2,2023,45,-2.887736948846653,1.4142380694066377,3.0,1.0,6.0,0,-9.958927295879842,-17.03011764291303,-24.10130798994622,-38.24368868401259
5,5,0.2,2024,44,5.652464221705503,1.4046282911957577,0.0,0.0,4.0,1,-1.3706772342732858,-8.393818690252075,-15.416960146230863,-29.463243058188436
5,5,0.2,2025,44,-21.464189445385873,1.3824146464725147,0.0,0.0,4.0,3,-28.376262677748446,-35.288335910111016,-42.20040914247359,-56.024555607198735
5,5,0.2,2026,34,24.611457067879048,1.3664866433381035,1.0,0.0,0.0,3,17.77902385118853,10.946590634498012,4.114157417807494,-9.550709015573542
5,5,0.4,2020,37,-4.017179981962869,1.0968980853445138,1.0,0.0,85.0,4,-9.501670408685438,-14.986160835408008,-20.470651262130577,-31.439632115575716
5,5,0.4,2021,47,0.977366981797649,1.1065383875849408,2.0,1.0,74.0,1,-4.555324956127055,-10.088016894051758,-15.620708831976463,-26.686092707825875
5,5,0.4,2022,43,9.326842061956123,1.1171191555266171,0.0,0.0,25.0,1,3.7412462843230374,-1.8443494933100482,-7.429945270943135,-18.601136826209306
5,5,0.4,2023,45,-0.44879175582819436,1.1096329076036955,5.0,1.0,12.0,0,-5.996956293846672,-11.54512083186515,-17.093285369883624,-28.18961444592058
5,5,0.4,2024,44,7.868637961075308,1.1367254295928677,1.0,1.0,12.0,1,2.185010813110969,-3.49861633485337,-9.182243482817707,-20.549497778746385
5,5,0.4,2025,42,-10.082653669167055,1.0955362631797219,0.0,0.0,5.0,5,-15.560334985065664,-21.038016300964273,-26.515697616862884,-37.4710602486601
5,5,0.4,2026,34,34.31235362835256,1.1176352192048673,1.0,0.0,0.0,3,28.724177532328223,23.136001436303886,17.54782534027955,6.37147314823088
5,10,0.2,2020,19,47.13159390243753,1.5042170068279046,1.0,0.0,25.0,2,39.610508868298005,32.08942383415848,24.56833880001896,9.526168731739915
5,10,0.2,2021,24,-29.812314058003025,1.634410258794908,1.0,1.0,18.0,0,-37.984365351977566,-46.156416645952106,-54.32846793992665,-70.67257052787573
5,10,0.2,2022,21,41.90860964519137,1.6401407734186866,0.0,0.0,9.0,0,33.70790577809794,25.507201911004504,17.30649804391107,0.9050903097242013
5,10,0.2,2023,23,-19.26022418047398,1.641295370965734,0.0,0.0,3.0,0,-27.46670103530265,-35.67317789013132,-43.87965474495999,-60.29260845461734
5,10,0.2,2024,21,-7.884193165699001,1.6062924351389438,0.0,0.0,2.0,1,-15.91565534139372,-23.947117517088437,-31.978579692783157,-48.0415040441726
5,10,0.2,2025,21,-16.21795775240743,1.5390920791369878,0.0,0.0,2.0,2,-23.91341814809237,-31.60887854377731,-39.30433893946224,-54.69525973083212
5,10,0.2,2026,17,29.96855461571361,1.6771058993924193,1.0,0.0,0.0,1,21.583025118751515,13.197495621789418,4.811966124827322,-11.959092869096867
5,10,0.4,2020,18,11.816320892762281,1.2680000215006428,1.0,0.0,48.0,3,5.476320785259067,-0.8636793222441472,-7.2036794297473605,-19.88367964475379
5,10,0.4,2021,23,-10.569996726022309,1.3141545193382114,2.0,1.0,35.0,1,-17.140769322713368,-23.711541919404425,-30.282314516095482,-43.4238597094776
5,10,0.4,2022,20,18.1905242022792,1.319299914955541,0.0,1.0,12.0,1,11.594024627501494,4.9975250527237876,-1.5989745220539184,-14.791973671609327
5,10,0.4,2023,23,-5.320521862122002,1.2984411059238419,0.0,0.0,5.0,0,-11.81272739174121,-18.304932921360418,-24.79713845097963,-37.78154951021805
5,10,0.4,2024,21,14.766664253386107,1.3177309615979265,1.0,0.0,5.0,1,8.178009445396475,1.5893546374068421,-4.999300170582789,-18.176609786562057
5,10,0.4,2025,20,2.9351305903929976,1.2566521943991316,0.0,0.0,3.0,3,-3.34813038160266,-9.631391353598318,-15.914652325593977,-28.481174269585292
5,10,0.4,2026,17,39.54037255166097,1.34923829209807,1.0,0.0,0.0,1,32.79418109117062,26.047989630680274,19.301798170189926,5.8094152492092235
10,5,0.2,2020,34,21.583673256153265,1.1035999242405459,0.0,0.0,41.0,1,16.065673634950535,10.547674013747805,5.0296743925450755,-6.0063248498603805
10,5,0.2,2021,44,-2.8008927938084467,1.1088921310243829,1.0,0.0,28.0,0,-8.34535344893036,-13.889814104052277,-19.43427475917419,-30.52319606941802
10,5,0.2,2022,38,12.715246624317716,1.1484610594783629,0.0,0.0,8.0,0,6.972941326925902,1.2306360295340877,-4.511669267857725,-15.996279862641357
10,5,0.2,2023,35,-12.751035708351274,1.1387149029735788,0.0,1.0,6.0,0,-18.44461022321917,-24.138184738087062,-29.831759252954956,-41.21890828269075
10,5,0.2,2024,31,-16.41784645246795,1.2226486085958002,0.0,0.0,4.0,0,-22.53108949544695,-28.64433253842595,-34.75757558140495,-46.98406166736295
10,5,0.2,2025,43,-34.61871373174214,1.0666601753719105,0.0,0.0,2.0,0,-39.952014608601694,-45.28531548546125,-50.61861636232079,-61.2852181160399
10,5,0.2,2026,21,57.23143900399784,1.1640401896434571,0.0,0.0,0.0,0,51.41123805578056,45.59103710756327,39.77083615934599,28.130434262911415
10,5,0.4,2020,32,12.663494214806573,0.8683165558345965,2.0,0.0,71.0,3,8.32191143563359,3.980328656460607,-0.361254122712376,-9.04441968105834
10,5,0.4,2021,44,-12.069774247433019,0.862230470549785,1.0,1.0,53.0,0,-16.380926600181944,-20.69207895293087,-25.003231305679794,-33.625536011177644
10,5,0.4,2022,36,8.498446248453892,0.9183396603679976,0.0,0.0,19.0,2,3.906747946613903,-0.6849503552260856,-5.2766486570660724,-14.46004526074605
10,5,0.4,2023,35,-8.963039875764432,0.8952514080120262,0.0,1.0,7.0,0,-13.439296915824563,-17.915553955884693,-22.391810995944823,-31.34432507606509
10,5,0.4,2024,31,-11.56285726796311,0.9965375214618858,0.0,0.0,6.0,0,-16.54554487527254,-21.52823248258197,-26.5109200898914,-36.47629530451026
10,5,0.4,2025,38,-8.921189883436828,0.8954328861861525,0.0,0.0,5.0,5,-13.398354314367591,-17.87551874529835,-22.352683176229114,-31.30701203809064
10,5,0.4,2026,20,39.40722768995002,0.9537069750384359,0.0,0.0,0.0,1,34.63869281475784,29.870157939565658,25.10162306437348,15.564553313989123
10,10,0.2,2020,15,74.38970949256071,1.4456670255229616,0.0,0.0,16.0,2,67.1613743649459,59.933039237331094,52.70470410971629,38.24803385448667
10,10,0.2,2021,21,-19.820232213276107,1.5345110185048445,1.0,0.0,13.0,0,-27.492787305800327,-35.165342398324555,-42.837897490848775,-58.18300767589722
10,10,0.2,2022,18,11.49961521192368,1.6237796017019335,0.0,0.0,2.0,0,3.3807172034140134,-4.738180805095654,-12.857078813605321,-29.094874830624654
10,10,0.2,2023,18,-9.007824930585707,1.593302867681317,0.0,0.0,2.0,0,-16.974339268992292,-24.94085360739888,-32.90736794580546,-48.840396622618634
10,10,0.2,2024,16,21.677504132581667,1.6073709483475735,0.0,0.0,2.0,0,13.6406493908438,5.603794649105932,-2.433060092631937,-18.506769576107672
10,10,0.2,2025,22,-37.236872096095865,1.537896038962574,0.0,0.0,1.0,0,-44.92635229090874,-52.615832485721604,-60.30531268053447,-75.68427307016022
10,10,0.2,2026,9,28.1567628440351,1.6310465969681631,0.0,0.0,0.0,0,20.001529859194285,11.84629687435347,3.6910638895126517,-12.619402080168975
10,10,0.4,2020,14,33.60128620406581,1.2219273927456378,1.0,0.0,32.0,3,27.49164924033762,21.38201227660943,15.272375312881241,3.0531013854248634
10,10,0.4,2021,21,-11.577215320679155,1.2372109800447777,1.0,0.0,22.0,0,-17.763270220903046,-23.949325121126932,-30.13538002135082,-42.5074898217986
10,10,0.4,2022,17,23.802567568124836,1.2853324645159363,0.0,0.0,8.0,1,17.375905245545155,10.949242922965473,4.5225806003857905,-8.330744044773574
10,10,0.4,2023,18,-4.7890169923566415,1.2796306223741971,0.0,0.0,3.0,0,-11.187170104227627,-17.585323216098615,-23.983476327969598,-36.77978255171157
10,10,0.4,2024,16,32.044348502298995,1.3274427907047597,0.0,0.0,2.0,0,25.407134548775197,18.7699205952514,12.132706641727598,-1.141721265319994
10,10,0.4,2025,18,-16.583771573882206,1.2444042794445072,0.0,0.0,2.0,4,-22.805792971104744,-29.027814368327277,-35.24983576554982,-47.693878559994886
10,10,0.4,2026,9,26.546041778991817,1.3216430300159923,0.0,0.0,0.0,0,19.937826628911857,13.329611478831895,6.721396328751933,-6.495033971407988
