date,usable,selected,gross,benchmark,turnover,net,buy_blocked,sell_blocked,missing_selected
2020-03-31,True,59.0,0.08957183543376995,0.03865942739785849,1.0,0.08807183543376995,0.0,0.0,
2020-04-30,True,59.0,0.008064016843278952,0.009497620373090843,1.11864406779661,0.006386050741584037,0.0,0.0,
2020-05-29,False,,,,,,,,7.0
2020-06-30,True,55.0,0.2077277280254387,0.16321502050078313,1.0,0.2062277280254387,0.0,0.0,
2020-07-31,True,58.0,0.04617894951303388,0.013973278396158835,1.3448275862068966,0.04416170813372354,0.0,0.0,
2020-08-31,True,59.0,-0.0396993307910889,-0.03710336513993698,1.2881355932203389,-0.04163153418091941,0.0,0.0,
2020-09-30,True,59.0,-0.005417425140550095,-0.006324301268514036,1.5254237288135593,-0.0077055607337704335,0.0,0.0,
2020-10-30,True,58.0,0.04503955103987977,0.06114018868167604,1.11864406779661,0.04336158493818486,0.0,0.0,
2020-11-30,False,,,,,,,,2.0
2020-12-31,True,54.0,0.006741218850121288,0.0043281762721620225,1.0,0.005241218850121288,0.0,1.0,
2021-01-29,True,59.0,0.020498166272152306,0.015674871111181442,1.2203389830508473,0.018667657797576034,0.0,0.0,
2021-02-26,True,59.0,-0.023568468092937753,-0.04311908219383962,1.2542372881355932,-0.025449824025141142,0.0,0.0,
2021-03-31,True,59.0,0.048005544835839846,0.003894946492614811,1.4576271186440677,0.04581910415787374,0.0,0.0,
2021-04-30,True,59.0,0.06841657292207691,0.0412973181090674,1.0847457627118644,0.06678945427800911,1.0,0.0,
2021-05-31,False,,,,,,,,2.0
2021-06-30,False,,,,,,,,1.0
2021-07-30,True,59.0,-0.03964194136625595,0.026845102824257727,1.0,-0.04114194136625595,0.0,0.0,
2021-08-31,True,59.0,0.0656997590211108,0.027385626569545036,0.9152542372881356,0.0643268776651786,0.0,0.0,
2021-09-30,True,59.0,-0.0006908429844923054,-0.018505359154739772,1.3559322033898304,-0.0027247412895770513,0.0,0.0,
2021-10-29,False,,,,,,,,1.0
2021-11-30,False,,,,,,,,4.0
2021-12-31,True,54.0,-0.06948950806326193,-0.06946891868355179,1.0,-0.07098950806326193,0.0,0.0,
2022-01-28,True,59.0,0.03494037197167271,-0.000544705517589105,1.5254237288135593,0.032652236378452375,0.0,0.0,
2022-02-28,True,59.0,-0.09355226888006399,-0.08777990900696692,0.9830508474576272,-0.09502684515125043,0.0,0.0,
2022-03-31,True,59.0,-0.0523210273086393,-0.05679073544982646,1.0169491525423728,-0.05384645103745286,0.0,0.0,
2022-04-29,True,59.0,0.09598141878357368,0.044526597874040286,1.152542372881356,0.09425260522425165,0.0,0.0,
2022-05-31,False,,,,,,,,4.0
2022-06-30,True,54.0,-0.06571487606690954,-0.06220979696240861,1.0,-0.06721487606690954,0.0,0.0,
2022-07-29,False,,,,,,,,1.0
2022-08-31,True,59.0,-0.10382137210851099,-0.07002461744925781,1.0,-0.10532137210851099,0.0,0.0,
2022-09-30,True,59.0,-0.011403577717857315,-0.03433146526316142,1.0508474576271187,-0.012979848904297993,0.0,0.0,
2022-10-31,True,59.0,0.14897190513632325,0.10837855110585422,1.152542372881356,0.14724309157700122,0.0,0.0,
2022-11-30,False,,,,,,,,1.0
2022-12-30,True,56.0,0.09265414137402837,0.07414299743975847,1.0,0.09115414137402837,0.0,0.0,
2023-01-31,True,56.0,0.029014369307526378,0.0004856432730266017,1.3214285714285714,0.02703222645038352,0.0,0.0,
2023-02-28,True,60.0,-0.005545409888409564,0.006172642988054726,1.3666666666666667,-0.007595409888409564,0.0,0.0,
2023-03-31,True,60.0,-0.02442581628584506,-0.01590216647537849,1.4666666666666666,-0.02662581628584506,0.0,0.0,
2023-04-28,True,60.0,-0.024246797612522575,-0.04625913580367738,1.0666666666666667,-0.025846797612522576,0.0,0.0,
2023-05-31,False,,,,,,,,1.0
2023-06-30,True,58.0,0.0575154683755982,0.04373522744647784,1.0,0.0560154683755982,0.0,0.0,
2023-07-31,True,59.0,-0.05170002545186634,-0.06297244179446045,1.4576271186440677,-0.053886466129832444,0.0,0.0,
2023-08-31,True,60.0,-0.05096443370131594,-0.023680381650196456,1.5333333333333332,-0.053264433701315936,0.0,0.0,
2023-09-28,True,60.0,-0.04695424241336627,-0.024994904615820088,0.7666666666666666,-0.04810424241336627,0.0,0.0,
2023-10-31,True,60.0,-0.0341718108298938,-0.022524361369740127,0.9,-0.0355218108298938,0.0,0.0,
2023-11-30,False,,,,,,,,4.0
2023-12-29,True,57.0,-0.13621074566558736,-0.08603664219232218,1.0,-0.13771074566558736,0.0,0.0,
2024-01-31,True,60.0,0.18534198532758092,0.1166371200207316,1.1333333333333333,0.18364198532758091,0.0,0.0,
2024-02-29,True,60.0,0.013676424333976178,0.000843947257093588,1.4666666666666666,0.011476424333976179,0.0,0.0,
2024-03-29,True,59.0,0.02620085665230693,0.024401287061845838,1.2,0.02440085665230693,0.0,0.0,
2024-04-30,True,59.0,-0.008710742923922871,-0.015605627140137945,1.152542372881356,-0.010439556483244905,0.0,0.0,
2024-05-31,False,,,,,,,,3.0
2024-06-28,True,57.0,0.012776682005647222,0.012126163330387138,1.0,0.011276682005647222,0.0,0.0,
2024-07-31,True,59.0,-0.06673224367130808,-0.05280134800471103,1.0169491525423728,-0.06825766740012164,0.0,0.0,
2024-08-30,False,,,,,,,,1.0
2024-09-30,True,58.0,-0.14285969324674472,-0.12412066757609173,1.0,-0.14435969324674472,34.0,0.0,
2024-10-31,True,59.0,0.014362059195196243,0.017447319760826235,0.983050847457627,0.012887482924009801,0.0,0.0,
2024-11-29,False,,,,,,,,2.0
2024-12-31,True,56.0,-0.03687506801836594,-0.01987825118653097,1.0,-0.03837506801836594,0.0,0.0,
2025-01-27,False,,,,,,,,1.0
2025-02-28,True,59.0,-0.012446968159705564,-0.005962488125943907,1.0,-0.013946968159705564,0.0,0.0,
2025-03-31,True,59.0,-0.049000019821848304,-0.031694526414863325,1.2542372881355932,-0.050881375754051696,0.0,0.0,
2025-04-30,True,59.0,-0.001550911828020927,0.009681206814549434,1.2542372881355932,-0.003432267760224317,0.0,0.0,
2025-05-30,False,,,,,,,,2.0
2025-06-30,True,58.0,0.025431148441843132,0.05128095001814003,1.0,0.02393114844184313,0.0,0.0,
2025-07-31,False,,,,,,,,2.0
2025-08-29,True,59.0,0.00958312384781289,0.02826560590834499,1.0,0.00808312384781289,0.0,0.0,
2025-09-30,True,59.0,0.013516504920566092,0.0021997241475009833,1.2203389830508475,0.011685996445989822,0.0,0.0,
2025-10-31,True,59.0,-0.03418558184248598,-0.028194605086232883,1.2542372881355932,-0.036066937774689375,0.0,0.0,
2025-11-28,False,,,,,,,,1.0
2025-12-31,True,57.0,0.03053380570512746,0.019368707238757187,1.0,0.02903380570512746,0.0,0.0,
2026-01-30,False,,,,,,,,1.0
2026-02-27,True,59.0,-0.03322068509621342,-0.05076660405156082,1.0,-0.03472068509621342,0.0,0.0,
2026-03-31,True,59.0,0.08420776895809136,0.04523593728071916,1.5932203389830508,0.08181793844961678,0.0,0.0,
2026-04-30,True,59.0,-0.04197619827210406,-0.021713731506071636,1.2542372881355932,-0.04385755420430745,0.0,0.0,
2026-05-29,False,,,,,,,,6.0
2026-06-30,True,56.0,0.032840756565694795,0.018148601304858382,1.0,0.031340756565694794,0.0,0.0,
2026-07-31,True,59.0,0.08947493230059965,0.01567471596486672,1.4915254237288136,0.08723764416500643,0.0,0.0,
2026-08-31,False,,,,,,,,59.0
2026-09-30,False,,,,,,,,59.0
