date,members,factor_available,future_return_available,joint_with_prior,rank_ic,prior_return_ic,factor_prior_return_corr,partial_rank_corr_after_prior_return
2020-02-28,300,300,299,299,-0.2159475657112074,-0.13642882723494815,0.35237888626281183,-0.181071785669015
2020-03-31,299,296,299,296,-0.09251660704423634,-0.2213265647727381,0.30956915809135516,-0.025882518687960147
2020-04-30,299,298,298,297,0.03465822503020089,0.12920913355916944,0.39990009837859414,-0.018718206328251812
2020-05-29,299,298,278,277,0.08923840057048166,-0.08975817367011005,0.44491194074773754,0.14481923911420377
2020-06-30,300,277,300,277,0.021642017730972973,0.03514465566470013,0.5973535644053332,0.00080879163625585
2020-07-31,299,297,299,297,-0.2806347900531042,-0.037737266432360556,0.34589455227039134,-0.28538847293253633
2020-08-31,300,299,299,298,-0.23733261293918595,0.021228435070349067,0.24591711640304742,-0.25029403425618535
2020-09-30,298,296,298,296,-0.06335410911682095,0.10389279880805302,0.3704743264065298,-0.11024240047640005
2020-10-30,300,295,300,295,-0.07651565436069063,-0.08895365448787969,0.390093200527566,-0.04559403472515521
2020-11-30,300,300,274,274,0.010877589563720966,-0.1462400586625155,0.4107160592277924,0.07865165548237525
2020-12-31,300,272,299,271,-0.053487446639172265,0.31257571699101316,0.3398425011218627,-0.17877945346785595
2021-01-29,299,299,299,299,-0.03439047769864648,-0.10077216008306941,0.24055082938654576,-0.0105101975997902
2021-02-26,299,297,299,297,-0.24138125312621958,0.1578143302486067,0.36773644843781444,-0.326062137584909
2021-03-31,299,299,299,299,-0.17265471033197913,-0.12140602904536373,0.32201656528472977,-0.14212573731098524
2021-04-30,300,298,300,298,0.12990378295309726,0.03625967070981758,0.44568548462523366,0.12714425931114223
2021-05-31,300,299,274,273,0.13007889368961947,0.16808696266343046,0.4995167388253186,0.05400210486821046
2021-06-30,299,272,298,271,0.16910860285073442,0.22761618792658522,0.3985131321901456,0.08778593647981679
2021-07-30,299,298,299,298,0.04507307366951369,0.09416401450250299,0.5899308680166574,-0.013033497106979125
2021-08-31,300,299,300,299,-0.254211242940136,-0.10105007791075422,0.4678126192453592,-0.23534388744861523
2021-09-30,299,299,299,299,-0.3503721970743884,-0.2919418850175942,0.3842149877909597,-0.26975923457724815
2021-10-29,300,299,298,297,-0.014534763548153846,-0.15872003789033137,0.3498511665853242,0.04432078824916315
2021-11-30,298,298,270,270,-0.11801230591675775,-0.19026802387718286,0.46820036674796683,-0.03334800973698249
2021-12-31,300,271,300,271,-0.20317213587598448,0.10852357953530672,0.4681197694329884,-0.28911756811884093
2022-01-28,300,299,300,299,-0.007830577072408891,-0.1254158296576773,0.2578249646472582,0.025564056505155714
2022-02-28,300,299,299,298,-0.05209442180553942,-0.023424068069530575,0.5301686932851217,-0.04680619095526289
2022-03-31,299,299,298,298,-0.1789509853479686,0.016252400353380214,0.32149036321782154,-0.19452719892925474
2022-04-29,300,297,299,296,-0.06041243572372994,-0.32804520348375155,0.342010577603798,0.05833364016654811
2022-05-31,300,297,272,270,0.04510594492318117,0.05452446521121773,0.5288035545074684,0.019201847262744362
2022-06-30,300,272,299,271,-0.07454115717627766,-0.3541899869130431,0.4549165686626142,0.10396894397960035
2022-07-29,300,300,299,299,-0.25080301263858007,-0.051488429659689444,0.4054144688110256,-0.2518607769289714
2022-08-31,300,298,300,298,-0.285639497486594,0.22928687562478045,0.1305150447257246,-0.3269990271998362
2022-09-30,300,300,300,300,-0.08147180318356959,-0.2362226509430844,0.15241769352992815,-0.04734470872847332
2022-10-31,300,299,300,299,-0.2501151489304393,-0.4076574746504305,0.4157758145836942,-0.09707924320601434
2022-11-30,300,300,285,285,-0.16217201147291357,0.03134413949736343,0.24093374539723297,-0.174961395741261
2022-12-30,300,284,300,284,0.10998779621806247,-0.3143127801693652,0.13971796144218473,0.16372514776507976
2023-01-31,300,300,300,300,-0.3241225438569405,-0.15999724440809826,0.513096812186802,-0.2856557366544394
2023-02-28,300,300,300,300,-0.03027633640373779,0.246392959921777,0.3773353037255968,-0.13732095783770057
2023-03-31,300,300,300,300,-0.16038355981733135,0.019563328481427566,0.352934143712708,-0.17882806196057308
2023-04-28,300,300,300,300,-0.015876183458121498,0.1473159245395869,0.12874098601095577,-0.03552171847709139
2023-05-31,300,300,291,291,0.029200531777607862,-0.06951823481000645,0.2568106004898978,0.04880448191794768
2023-06-30,300,290,300,290,-0.26234228870653664,-0.19549892497376076,0.2936517298764568,-0.21860360689792308
2023-07-31,300,300,300,300,-0.10230602562250693,0.0921645796064401,0.2600735563728487,-0.13133473347809113
2023-08-31,300,300,300,300,0.02989499883332036,0.1292521028011423,0.3098078867542974,-0.010763754171168956
2023-09-28,300,300,300,300,0.0038176022151404686,0.1467080805246081,0.19292178487397763,-0.02522733594323081
2023-10-31,300,300,300,300,-0.05302930637924023,0.09384059561623388,0.31553287431336924,-0.08747402397096354
2023-11-30,300,300,286,286,-0.0018838721690849264,-0.007576529941610213,0.41600397856525256,0.001394416876434843
2023-12-29,300,286,300,286,-0.13503673926032217,0.13173428156805492,0.28787698666891576,-0.18219331180670167
2024-01-31,300,300,300,300,0.0041931581676639,-0.6815725376473715,0.1745677174190824,0.17095241598510508
2024-02-29,300,300,300,300,-0.09197592106311471,0.2801433660533319,0.17257391748797202,-0.14840097487995807
2024-03-29,300,299,300,299,-0.12956232846902263,0.11038184677622799,0.17419566050096186,-0.15202954821695655
2024-04-30,300,300,300,300,-0.09834909276769735,0.0909026160860906,0.095920230180478,-0.10801166113331513
2024-05-31,300,300,288,288,-0.17942241458993918,0.2078581073749442,0.21579628982152405,-0.2348179292276461
2024-06-28,300,288,299,288,0.07405838949640108,-0.005250593781271489,0.19374600629347843,0.0765267560641241
2024-07-31,299,299,298,298,-0.289713399591912,-0.027829204385444516,0.2902970992033714,-0.29442263289510867
2024-08-30,299,298,297,296,-0.12226525446864428,-0.1336049454693522,0.2176654312247533,-0.09633688687444462
2024-09-30,298,295,298,295,0.10982686249030071,-0.03682350631503175,0.5137294679667562,0.1501616913023066
2024-10-31,300,298,300,298,0.0008071558446755743,-0.023989079816263376,0.48680402371677567,0.014297160942100312
2024-11-29,300,300,283,283,-0.3197519830659772,-0.14840728601558748,0.40822182389703804,-0.28708065137008093
2024-12-31,299,283,299,283,-0.07219090802237685,0.11538475283876264,0.14436436320635287,-0.09039267354663226
2025-01-27,300,298,298,296,0.028292095620475074,-0.31365802489304295,0.16802010022349007,0.08652750716125232
2025-02-28,298,297,298,297,-0.2814562138545154,-0.33460336509557886,0.3620698599075603,-0.18249385958239475
2025-03-31,300,296,300,296,-0.147177754261714,0.12491434034081958,0.1326785953904598,-0.1665160644498363
2025-04-30,300,300,298,298,-0.12052722712172774,0.10727580955379197,0.11588693380347884,-0.13463794723257091
2025-05-30,298,298,291,291,0.18624685124432822,0.020732278177809788,0.28560854233943767,0.18820366882979758
2025-06-30,300,291,300,291,0.2411090681119805,0.20229881866939178,0.419463501096125,0.17576105391877778
2025-07-31,300,300,298,298,0.09289297092040016,0.13469366285240236,0.4749506240606327,0.03316554933498642
2025-08-29,299,297,298,296,0.32278950753527036,0.3774555423052749,0.6602276382963485,0.10579745725174275
2025-09-30,300,298,300,298,-0.2624370627951859,-0.30393577032511787,0.5005787261404416,-0.13373139998699454
2025-10-31,300,300,298,298,-0.28561637111389077,0.2878027528775634,0.04204669782001065,-0.31114571326556784
2025-11-28,298,298,286,286,0.18631589031198617,-0.026360036158967832,0.06746244769351317,0.18858922705311276
2025-12-31,298,285,298,285,0.11323022404970158,0.1932475484621554,0.43309574043450977,0.033397729412591254
2026-01-30,300,298,299,297,0.07950515488473058,0.25604411799915594,0.46243527973772797,-0.04538424360905121
2026-02-27,299,298,299,298,-0.3106293922399921,0.0807654740408675,0.2002381336470975,-0.3346504256970532
2026-03-31,300,299,299,298,0.17778172286488603,-0.11817759174397542,0.1418671623268634,0.19792199927974344
2026-04-30,299,299,299,299,0.027140580458351077,0.18568741442391865,0.49827299050526364,-0.0767452046214005
2026-05-29,300,299,281,280,0.13256965741181104,0.2553239001760114,0.36777150507179335,0.04300860003606989
2026-06-30,299,281,299,281,-0.6028626594122163,-0.6267558329457324,0.4269343097275253,-0.47582206189054554
2026-07-31,300,299,300,299,0.10631704185282576,-0.2909232442507755,-0.023196336782563786,0.10409810479904975
