date,usable,missing_selected,selected,gross,benchmark,turnover,net,buy_blocked,sell_blocked
2020-02-28,False,1.0,,,,,,,
2020-03-31,True,,59.0,0.10292989832340337,0.038659427397858485,1.0,0.10142989832340336,0.0,0.0
2020-04-30,True,,59.0,0.014349287537645318,0.009104388275254133,1.7627118644067796,0.011705219741035148,0.0,0.0
2020-05-29,False,5.0,,,,,,,
2020-06-30,True,,55.0,0.16458812307248752,0.1647371973213203,1.0,0.16308812307248752,0.0,0.0
2020-07-31,True,,59.0,0.04309910858376184,0.01355049370035443,1.559322033898305,0.04076012553291439,0.0,0.0
2020-08-31,True,,60.0,-0.02017211064743302,-0.03719103468989691,1.5666666666666667,-0.022522110647433022,0.0,0.0
2020-09-30,True,,59.0,0.0038211446151121048,-0.0063243012685140374,1.4666666666666666,0.001621144615112105,0.0,0.0
2020-10-30,True,,59.0,0.05041066798099635,0.06143885960470302,1.4576271186440677,0.04822422730303025,0.0,0.0
2020-11-30,False,7.0,,,,,,,
2020-12-31,True,,59.0,0.019244694063045183,0.0034192231855595056,1.0,0.017744694063045182,0.0,1.0
2021-01-29,True,,59.0,0.011592946160294776,0.015737182959091066,1.4576271186440677,0.009406505482328674,0.0,0.0
2021-02-26,True,,59.0,-0.04678183975751367,-0.04311908219383962,1.5593220338983051,-0.04912082280836113,0.0,0.0
2021-03-31,True,,59.0,0.03487874812053555,0.0025986637312898587,1.5593220338983051,0.03253976506968809,0.0,0.0
2021-04-30,True,,59.0,0.06133025563021416,0.04147336099871729,1.3559322033898304,0.05929635732512941,0.0,0.0
2021-05-31,False,5.0,,,,,,,
2021-06-30,False,1.0,,,,,,,
2021-07-30,True,,59.0,-0.037711961994768936,0.027553381300959422,1.0,-0.03921196199476894,0.0,0.0
2021-08-31,True,,59.0,0.03701323594530523,0.027385626569545025,1.2881355932203389,0.03508103255547472,0.0,0.0
2021-09-30,True,,59.0,-0.0011230615707744866,-0.018632406152440027,1.5932203389830508,-0.0035128920792490627,0.0,0.0
2021-10-29,False,1.0,,,,,,,
2021-11-30,False,5.0,,,,,,,
2021-12-31,True,,59.0,-0.08337071454010125,-0.07311988011790982,1.0,-0.08487071454010126,0.0,0.0
2022-01-28,True,,59.0,0.027356333047931006,-2.244149704686404e-05,1.4576271186440677,0.025169892369964905,0.0,0.0
2022-02-28,True,,59.0,-0.09865520409536549,-0.08777990900696692,1.3220338983050848,-0.10063825494282312,0.0,0.0
2022-03-31,True,,59.0,-0.06501942375120034,-0.05679073544982645,1.5932203389830508,-0.06740925425967492,0.0,0.0
2022-04-29,True,,59.0,0.06607408891246837,0.04452659787404029,1.3898305084745763,0.0639893431497565,0.0,0.0
2022-05-31,False,6.0,,,,,,,
2022-06-30,True,,60.0,-0.0840249770342045,-0.05905700107290552,1.0,-0.0855249770342045,0.0,0.0
2022-07-29,True,,60.0,-0.022737229503263078,-0.01689830143599311,1.6333333333333333,-0.02518722950326308,0.0,0.0
2022-08-31,True,,59.0,-0.06988464504010597,-0.07002461744925781,1.6,-0.07228464504010597,0.0,0.0
2022-09-30,True,,60.0,-0.010179559160488088,-0.03399231715530201,1.4666666666666666,-0.012379559160488086,0.0,0.0
2022-10-31,True,,59.0,0.14513314079250714,0.10837855110585419,1.5,0.14288314079250714,0.0,0.0
2022-11-30,False,2.0,,,,,,,
2022-12-30,True,,59.0,0.0920003260519467,0.07447435509398327,1.0,0.0905003260519467,0.0,0.0
2023-01-31,True,,60.0,0.02207651223769209,-0.0020541927164568047,1.6666666666666667,0.019576512237692092,0.0,0.0
2023-02-28,True,,60.0,-0.016376096352889363,0.006172642988054727,1.6333333333333333,-0.018826096352889364,0.0,0.0
2023-03-31,True,,60.0,-0.010730798330156579,-0.015902166475378485,1.5,-0.01298079833015658,0.0,0.0
2023-04-28,True,,60.0,-0.04298821492865539,-0.04625913580367738,1.3333333333333333,-0.044988214928655394,0.0,0.0
2023-05-31,False,2.0,,,,,,,
2023-06-30,True,,58.0,0.04530387965807371,0.04373522744647784,1.0,0.04380387965807371,0.0,0.0
2023-07-31,True,,60.0,-0.06259276795929396,-0.06299771223580407,1.6,-0.06499276795929396,0.0,0.0
2023-08-31,True,,60.0,-0.043626182048323,-0.023680381650196456,1.6666666666666667,-0.046126182048323,0.0,0.0
2023-09-28,True,,60.0,-0.04344393453064423,-0.02499490461582009,1.3,-0.045393934530644234,0.0,0.0
2023-10-31,True,,60.0,-0.02424618425143548,-0.022524361369740127,1.3333333333333333,-0.026246184251435482,0.0,0.0
2023-11-30,False,6.0,,,,,,,
2023-12-29,True,,60.0,-0.13580493330557522,-0.08490919691038677,1.0,-0.13730493330557522,0.0,0.0
2024-01-31,True,,60.0,0.1712572576489652,0.1166371200207316,1.3333333333333333,0.1692572576489652,0.0,0.0
2024-02-29,True,,60.0,0.026615723470731784,0.0008439472570935876,1.8333333333333333,0.023865723470731785,0.0,0.0
2024-03-29,True,,59.0,-0.008266523284570634,0.024401287061845838,1.8,-0.010966523284570633,0.0,0.0
2024-04-30,True,,60.0,-0.006710376216774535,-0.015581598204887102,1.6,-0.009110376216774536,0.0,0.0
2024-05-31,False,2.0,,,,,,,
2024-06-28,True,,57.0,0.008527220089017167,0.012126163330387138,1.0,0.007027220089017168,0.0,0.0
2024-07-31,True,,59.0,-0.057161678369978264,-0.05280134800471103,1.7288135593220337,-0.059754898708961314,0.0,0.0
2024-08-30,True,,59.0,0.47801658843959527,0.37444814854690356,1.5932203389830508,0.4756267579311207,0.0,0.0
2024-09-30,True,,59.0,-0.12644656053261308,-0.12398225069867687,1.728813559322034,-0.12903978087159612,39.0,0.0
2024-10-31,True,,59.0,0.006260935093508065,0.01695719081129062,1.3898305084745763,0.0041761893307962,0.0,0.0
2024-11-29,False,4.0,,,,,,,
2024-12-31,True,,59.0,-0.013328646928875794,-0.01835151754322554,1.0,-0.014828646928875793,0.0,0.0
2025-01-27,False,2.0,,,,,,,
2025-02-28,True,,59.0,3.388446856943752e-05,-0.005468153310907216,1.0,-0.0014661155314305626,0.0,0.0
2025-03-31,True,,59.0,-0.04092937443298412,-0.031970436750280364,1.7627118644067796,-0.043573442229594285,0.0,0.0
2025-04-30,True,,60.0,0.010298853492638227,0.009815307439282897,1.4333333333333333,0.008148853492638226,0.0,0.0
2025-05-30,False,2.0,,,,,,,
2025-06-30,True,,58.0,0.028601499476303777,0.05128095001814003,1.0,0.027101499476303775,0.0,0.0
2025-07-31,False,1.0,,,,,,,
2025-08-29,True,,59.0,0.013431444508164497,0.028265605908344982,1.0,0.011931444508164498,0.0,0.0
2025-09-30,True,,59.0,0.013706291048707747,0.0027653095915183058,1.5932203389830508,0.011316460540233171,0.0,0.0
2025-10-31,True,,60.0,-0.02287245972765038,-0.02830465267647204,1.5666666666666667,-0.02522245972765038,0.0,0.0
2025-11-28,False,5.0,,,,,,,
2025-12-31,True,,59.0,0.006021268609675133,0.01927052865206123,1.0,0.0045212686096751335,0.0,0.0
2026-01-30,False,1.0,,,,,,,
2026-02-27,True,,59.0,-0.05451461816748658,-0.05124490034302247,1.0,-0.05601461816748658,0.0,0.0
2026-03-31,True,,59.0,0.0859009086885822,0.04547130457099097,1.5932203389830508,0.08351107818010763,0.0,0.0
2026-04-30,True,,59.0,-0.025339972442495015,-0.022174455986587106,1.4915254237288136,-0.027577260578088236,0.0,0.0
2026-05-29,False,2.0,,,,,,,
2026-06-30,True,,59.0,0.03514595679062842,0.0054727555099640685,1.0,0.03364595679062842,0.0,0.0
2026-07-31,True,,59.0,0.10587541445048727,0.015674715964866713,1.728813559322034,0.10328219411150422,0.0,0.0
2026-08-31,False,60.0,,,,,,,
2026-09-30,False,59.0,,,,,,,
