date,factor,names,rank_ic,size_rank_corr,period
2020-01-23,cashflow_assets,294,0.016220991380923536,0.10268870202098311,discovery_2020_23
2020-01-23,profit_assets,294,0.07063111842107643,0.014028472498503655,discovery_2020_23
2020-01-23,negative_leverage,294,0.10114290213867305,-0.14909800097513407,discovery_2020_23
2020-02-28,cashflow_assets,293,-0.07740198328150746,0.11088715256077654,discovery_2020_23
2020-02-28,profit_assets,293,0.024936048569692032,0.02175445894847724,discovery_2020_23
2020-02-28,negative_leverage,293,-0.032673670711914675,-0.13224325683333318,discovery_2020_23
2020-03-31,cashflow_assets,293,0.20502206277957816,0.11363269886008545,discovery_2020_23
2020-03-31,profit_assets,293,0.26242238191673734,0.06576954967315835,discovery_2020_23
2020-03-31,negative_leverage,293,0.2444942639874593,-0.1380511248868148,discovery_2020_23
2020-04-30,cashflow_assets,290,0.1856430519256324,0.10179259173609427,discovery_2020_23
2020-04-30,profit_assets,290,0.1768940026217885,0.12098278260719816,discovery_2020_23
2020-04-30,negative_leverage,290,0.18596434817147273,-0.12930597805295976,discovery_2020_23
2020-05-29,cashflow_assets,269,0.21379286960488758,0.10639984710894103,discovery_2020_23
2020-05-29,profit_assets,269,0.2566788116419143,0.10761311164129785,discovery_2020_23
2020-05-29,negative_leverage,269,0.19260821049646437,-0.07646279137151911,discovery_2020_23
2020-06-30,cashflow_assets,291,0.007257887791028932,0.11817637290661265,discovery_2020_23
2020-06-30,profit_assets,291,-0.006611183886943691,0.10502559057993954,discovery_2020_23
2020-06-30,negative_leverage,291,-0.03010435892066677,-0.0611646513983511,discovery_2020_23
2020-07-31,cashflow_assets,290,0.052673168530774195,0.10919962556445174,discovery_2020_23
2020-07-31,profit_assets,290,0.007173568675130636,0.09995091991335336,discovery_2020_23
2020-07-31,negative_leverage,290,-0.04572175193608675,-0.06966247907330891,discovery_2020_23
2020-08-31,cashflow_assets,289,0.044997867820798856,0.10502127828819155,discovery_2020_23
2020-08-31,profit_assets,289,-0.07345758181422096,0.09598297736944676,discovery_2020_23
2020-08-31,negative_leverage,289,-0.15358451576787344,-0.07655063039414549,discovery_2020_23
2020-09-30,cashflow_assets,290,0.06544971013227022,0.11329725926463517,discovery_2020_23
2020-09-30,profit_assets,290,0.11021517743250873,0.09035533244685758,discovery_2020_23
2020-09-30,negative_leverage,290,0.05478985973427868,-0.0813186921325482,discovery_2020_23
2020-10-30,cashflow_assets,291,-0.11146828082922246,0.12053138802721224,discovery_2020_23
2020-10-30,profit_assets,291,-0.2642593828068313,0.10137327184451836,discovery_2020_23
2020-10-30,negative_leverage,291,-0.19135471806534243,-0.06339256582695801,discovery_2020_23
2020-11-30,cashflow_assets,269,0.2246222419501008,0.11322692608826994,discovery_2020_23
2020-11-30,profit_assets,269,0.28929146091105806,0.0679514447588575,discovery_2020_23
2020-11-30,negative_leverage,269,0.2304808053906428,-0.06581775139174019,discovery_2020_23
2020-12-31,cashflow_assets,294,0.1403600440581161,0.11115938247804472,discovery_2020_23
2020-12-31,profit_assets,294,0.19760820623731645,0.08979048783856691,discovery_2020_23
2020-12-31,negative_leverage,294,0.186102568522058,-0.05536801867157461,discovery_2020_23
2021-01-29,cashflow_assets,294,-0.21856865647167562,0.13242061098170976,discovery_2020_23
2021-01-29,profit_assets,294,-0.18526605285156642,0.11804765407059452,discovery_2020_23
2021-01-29,negative_leverage,294,-0.20022078643746669,-0.025493499302885383,discovery_2020_23
2021-02-26,cashflow_assets,295,-0.1618658090813055,0.11659530509409446,discovery_2020_23
2021-02-26,profit_assets,295,-0.24688221601054536,0.09168388381463444,discovery_2020_23
2021-02-26,negative_leverage,295,-0.21833415913319065,-0.04194845139155068,discovery_2020_23
2021-03-31,cashflow_assets,295,0.17949414305346512,0.13375994465582847,discovery_2020_23
2021-03-31,profit_assets,295,0.26614236166294286,0.05382454401824862,discovery_2020_23
2021-03-31,negative_leverage,295,0.309926893340937,-0.07013658418016773,discovery_2020_23
2021-04-30,cashflow_assets,296,-0.08585210788600618,0.12912496471818502,discovery_2020_23
2021-04-30,profit_assets,296,-0.04545269460523697,0.12334244876617756,discovery_2020_23
2021-04-30,negative_leverage,296,0.014387577099441506,-0.03569918146189332,discovery_2020_23
2021-05-31,cashflow_assets,270,0.14827325519381943,0.08703884064862953,discovery_2020_23
2021-05-31,profit_assets,270,0.08842384428975808,0.05346971685330235,discovery_2020_23
2021-05-31,negative_leverage,270,0.08970476611450923,-0.11253896182084495,discovery_2020_23
2021-06-30,cashflow_assets,293,-0.08456330309018274,0.06440894184594219,discovery_2020_23
2021-06-30,profit_assets,293,-0.10229509541906434,0.035440685227291165,discovery_2020_23
2021-06-30,negative_leverage,293,-0.019246017168847995,-0.10959810545378562,discovery_2020_23
2021-07-30,cashflow_assets,292,-0.3389862695585408,0.049081014279909754,discovery_2020_23
2021-07-30,profit_assets,292,-0.4065708696010523,0.022199483017814825,discovery_2020_23
2021-07-30,negative_leverage,292,-0.3350594992223096,-0.0942747813815079,discovery_2020_23
2021-08-31,cashflow_assets,293,0.016710390287585492,-0.00941929906751611,discovery_2020_23
2021-08-31,profit_assets,293,-0.044218821337132036,-0.04369497576954014,discovery_2020_23
2021-08-31,negative_leverage,293,-0.04979817481911201,-0.15012675788909235,discovery_2020_23
2021-09-30,cashflow_assets,293,0.0880048966615493,-0.007319230464638987,discovery_2020_23
2021-09-30,profit_assets,293,0.10862106308697682,-0.05396059962158691,discovery_2020_23
2021-09-30,negative_leverage,293,0.08687042071024492,-0.15965339803694634,discovery_2020_23
2021-10-29,cashflow_assets,291,0.028133605407119917,0.001086443079829948,discovery_2020_23
2021-10-29,profit_assets,291,0.13603225440053282,-0.04198705618240167,discovery_2020_23
2021-10-29,negative_leverage,291,0.17377682768681424,-0.14310417873960918,discovery_2020_23
2021-11-30,cashflow_assets,263,0.015208468323194833,-0.03176659639086713,discovery_2020_23
2021-11-30,profit_assets,263,-0.04214833550389117,-0.10493280701245172,discovery_2020_23
2021-11-30,negative_leverage,263,-0.10958474878569055,-0.16273421235253294,discovery_2020_23
2021-12-31,cashflow_assets,292,-0.30133723295349596,-0.04907667637233321,discovery_2020_23
2021-12-31,profit_assets,292,-0.37951745092864597,-0.14866925045294987,discovery_2020_23
2021-12-31,negative_leverage,292,-0.3373953840785611,-0.19854988569613538,discovery_2020_23
2022-01-28,cashflow_assets,292,0.08400889222961427,-0.08329023541824418,discovery_2020_23
2022-01-28,profit_assets,292,-0.015421263292826622,-0.19275636913279925,discovery_2020_23
2022-01-28,negative_leverage,292,0.09269555319835839,-0.24044877099848513,discovery_2020_23
2022-02-28,cashflow_assets,291,-0.2920963822565486,-0.09000189920574242,discovery_2020_23
2022-02-28,profit_assets,291,-0.28177152067942873,-0.1998115403532523,discovery_2020_23
2022-02-28,negative_leverage,291,-0.22772402105683495,-0.2405855397396627,discovery_2020_23
2022-03-31,cashflow_assets,292,0.07715331046854162,-0.11605348736439823,discovery_2020_23
2022-03-31,profit_assets,292,-0.0035635915035322277,-0.2179721438855024,discovery_2020_23
2022-03-31,negative_leverage,292,-0.07102770224261465,-0.26703580653510595,discovery_2020_23
2022-04-29,cashflow_assets,292,0.20750832400071081,-0.062363205289548106,discovery_2020_23
2022-04-29,profit_assets,292,0.2084113356784172,-0.14122106314402866,discovery_2020_23
2022-04-29,negative_leverage,292,0.22144873245999122,-0.2498880578850387,discovery_2020_23
2022-05-31,cashflow_assets,268,0.071291251330425,-0.0238091527243279,discovery_2020_23
2022-05-31,profit_assets,268,0.1551223491459978,-0.12137050847013833,discovery_2020_23
2022-05-31,negative_leverage,268,0.056277349771757655,-0.2515555965629436,discovery_2020_23
2022-06-30,cashflow_assets,295,-0.21003487056755826,0.0062173380575317625,discovery_2020_23
2022-06-30,profit_assets,295,-0.2733081230659924,-0.10753503416941676,discovery_2020_23
2022-06-30,negative_leverage,295,-0.17995923976553518,-0.26289369618667446,discovery_2020_23
2022-07-29,cashflow_assets,292,0.022530620822354613,-0.022199965007545553,discovery_2020_23
2022-07-29,profit_assets,292,-0.15970014440421146,-0.13932539753308018,discovery_2020_23
2022-07-29,negative_leverage,292,-0.08257596643808449,-0.2807223869288241,discovery_2020_23
2022-08-31,cashflow_assets,293,0.08938220199015133,-0.010174980273094793,discovery_2020_23
2022-08-31,profit_assets,293,-0.13692285086459663,-0.14816170051170688,discovery_2020_23
2022-08-31,negative_leverage,293,-0.12796487990679933,-0.2773373878047175,discovery_2020_23
2022-09-30,cashflow_assets,293,-0.09078623414885197,-0.004284101784151877,discovery_2020_23
2022-09-30,profit_assets,293,-0.08597162831786909,-0.15931515436601495,discovery_2020_23
2022-09-30,negative_leverage,293,0.14198674289792668,-0.28440806403444074,discovery_2020_23
2022-10-31,cashflow_assets,293,0.07406391421873346,-0.019598572983824416,discovery_2020_23
2022-10-31,profit_assets,293,0.014064066881603268,-0.1791804103005455,discovery_2020_23
2022-10-31,negative_leverage,293,-0.1475004794568255,-0.26661806898644264,discovery_2020_23
2022-11-30,cashflow_assets,278,0.13063952320964778,-0.03764236776410943,discovery_2020_23
2022-11-30,profit_assets,278,0.14046029674567237,-0.19774942826686592,discovery_2020_23
2022-11-30,negative_leverage,278,0.12735252711913395,-0.29645029754698626,discovery_2020_23
2022-12-30,cashflow_assets,293,0.0549126088349379,-0.01713831542248018,discovery_2020_23
2022-12-30,profit_assets,293,0.2107203709327024,-0.18879435452707427,discovery_2020_23
2022-12-30,negative_leverage,293,0.14503214627587602,-0.2766346615321055,discovery_2020_23
2023-01-31,cashflow_assets,293,0.11478987098558169,-0.020027460233707772,discovery_2020_23
2023-01-31,profit_assets,293,-0.009740391399935254,-0.17648018579071256,discovery_2020_23
2023-01-31,negative_leverage,293,0.016334966034862276,-0.2718548824925267,discovery_2020_23
2023-02-28,cashflow_assets,293,-0.043310933237664606,-0.01598714196978993,discovery_2020_23
2023-02-28,profit_assets,293,-0.10042068162063086,-0.1843962326620302,discovery_2020_23
2023-02-28,negative_leverage,293,0.06849982968548586,-0.2768502978357176,discovery_2020_23
2023-03-31,cashflow_assets,294,-0.29901459513637124,-0.0038261616904527768,discovery_2020_23
2023-03-31,profit_assets,294,-0.48807727406344037,-0.1800265151470434,discovery_2020_23
2023-03-31,negative_leverage,294,-0.45060615326132775,-0.2530175441496087,discovery_2020_23
2023-04-28,cashflow_assets,294,-0.12103639093499279,-0.02287173445186486,discovery_2020_23
2023-04-28,profit_assets,294,-0.18452024679169807,-0.165245088027691,discovery_2020_23
2023-04-28,negative_leverage,294,-0.10301505461344855,-0.27851883508074377,discovery_2020_23
2023-05-31,cashflow_assets,288,0.0547896346486945,0.027523922050886357,discovery_2020_23
2023-05-31,profit_assets,288,0.2320122453572534,-0.12662460967170228,discovery_2020_23
2023-05-31,negative_leverage,288,0.009575350943820858,-0.26327166447640754,discovery_2020_23
2023-06-30,cashflow_assets,296,-0.027135764423900012,0.011046794097641555,discovery_2020_23
2023-06-30,profit_assets,296,-0.2173456970067139,-0.11135449779517576,discovery_2020_23
2023-06-30,negative_leverage,296,-0.2048052675171319,-0.2531045683588056,discovery_2020_23
2023-07-31,cashflow_assets,296,0.1733755326975666,0.006030992471670438,discovery_2020_23
2023-07-31,profit_assets,296,0.030270177727804843,-0.13417732061799856,discovery_2020_23
2023-07-31,negative_leverage,296,0.13374005746887102,-0.27395253496948413,discovery_2020_23
2023-08-31,cashflow_assets,297,0.02569134112758274,0.01536817476414792,discovery_2020_23
2023-08-31,profit_assets,297,-0.09440954071826556,-0.13497985477851251,discovery_2020_23
2023-08-31,negative_leverage,297,-0.08674675285413541,-0.2558406484580982,discovery_2020_23
2023-09-28,cashflow_assets,297,0.08719963923619604,0.0195598282846605,discovery_2020_23
2023-09-28,profit_assets,297,0.04984505155523137,-0.13788987278920165,discovery_2020_23
2023-09-28,negative_leverage,297,0.08717123984641646,-0.2592806351195613,discovery_2020_23
2023-10-31,cashflow_assets,297,-0.01745157290517805,0.02584799564665337,discovery_2020_23
2023-10-31,profit_assets,297,-0.12305307937304087,-0.13615338950909422,discovery_2020_23
2023-10-31,negative_leverage,297,0.020689359804578325,-0.24842200345556056,discovery_2020_23
2023-11-30,cashflow_assets,283,0.18821389481693163,0.020971630852705134,discovery_2020_23
2023-11-30,profit_assets,283,0.09546062996905022,-0.13221128137141014,discovery_2020_23
2023-11-30,negative_leverage,283,0.00015142396101579792,-0.2426964614542378,discovery_2020_23
2023-12-29,cashflow_assets,298,-0.12399887723702678,0.03690311568922599,discovery_2020_23
2023-12-29,profit_assets,298,-0.37853595516929933,-0.10691707540263129,discovery_2020_23
2023-12-29,negative_leverage,298,-0.4613410850533884,-0.22923654175477928,discovery_2020_23
2024-01-31,cashflow_assets,298,0.173417433228544,0.016764579647567685,review_2024_25
2024-01-31,profit_assets,298,0.46824561616316274,-0.1589486932352412,review_2024_25
2024-01-31,negative_leverage,298,0.5098193569348607,-0.28595555791353866,review_2024_25
2024-02-29,cashflow_assets,298,0.009284106047127759,0.02637925573437683,review_2024_25
2024-02-29,profit_assets,298,-0.06109943015024134,-0.13129000494042806,review_2024_25
2024-02-29,negative_leverage,298,-0.05949260052349537,-0.24853391267164246,review_2024_25
2024-03-29,cashflow_assets,297,0.01928019064218112,0.06745763457172854,review_2024_25
2024-03-29,profit_assets,297,-0.044043748761823265,-0.11168001436457814,review_2024_25
2024-03-29,negative_leverage,297,-0.13818901379774293,-0.24997434896763757,review_2024_25
2024-04-30,cashflow_assets,298,-0.033148027603819845,0.1302760722077909,review_2024_25
2024-04-30,profit_assets,298,-0.22269767323750395,-0.05212661734400864,review_2024_25
2024-04-30,negative_leverage,298,-0.21666985221114196,-0.2555407501424426,review_2024_25
2024-05-31,cashflow_assets,286,-0.0052889344288574065,0.09129022453797805,review_2024_25
2024-05-31,profit_assets,286,-0.2032147570016633,-0.11410797161759932,review_2024_25
2024-05-31,negative_leverage,286,-0.10120688041098824,-0.3008957666210555,review_2024_25
2024-06-28,cashflow_assets,297,-0.32645381806455637,0.08698448295763732,review_2024_25
2024-06-28,profit_assets,297,-0.26224607768231933,-0.15080654174613908,review_2024_25
2024-06-28,negative_leverage,297,-0.10538818256939064,-0.30450706960774077,review_2024_25
2024-07-31,cashflow_assets,293,0.06490534244969356,0.06524333984376864,review_2024_25
2024-07-31,profit_assets,293,-0.05828120432412901,-0.1614228561123828,review_2024_25
2024-07-31,negative_leverage,293,-0.20219197668265357,-0.3018679256264664,review_2024_25
2024-08-30,cashflow_assets,292,-0.004252595394202531,0.08190788887051972,review_2024_25
2024-08-30,profit_assets,292,0.194247645359668,-0.14872275131306054,review_2024_25
2024-08-30,negative_leverage,292,0.18061552980552195,-0.29959421284570115,review_2024_25
2024-09-30,cashflow_assets,293,-0.3377045801723373,0.08423841742036008,review_2024_25
2024-09-30,profit_assets,293,-0.3100406369476586,-0.13398981547829755,review_2024_25
2024-09-30,negative_leverage,293,-0.16748261790105728,-0.29523281564718085,review_2024_25
2024-10-31,cashflow_assets,295,-0.17622796940037347,0.05000888124374808,review_2024_25
2024-10-31,profit_assets,295,-0.00813124703544639,-0.161906475828994,review_2024_25
2024-10-31,negative_leverage,295,-0.018118907948118233,-0.3007707984705564,review_2024_25
2024-11-29,cashflow_assets,278,0.05467776704454533,0.043913628850035136,review_2024_25
2024-11-29,profit_assets,278,-0.130887999510721,-0.14201853842418088,review_2024_25
2024-11-29,negative_leverage,278,-0.18055875551102146,-0.25793242196739874,review_2024_25
2024-12-31,cashflow_assets,293,0.11138473810207614,0.021731559518005157,review_2024_25
2024-12-31,profit_assets,293,0.03886987494048534,-0.16398186746763788,review_2024_25
2024-12-31,negative_leverage,293,0.06109615757098109,-0.2814235049295795,review_2024_25
2025-01-27,cashflow_assets,292,-0.10844677770431368,0.03999165193786381,review_2024_25
2025-01-27,profit_assets,292,0.051323737234501794,-0.1515298595048134,review_2024_25
2025-01-27,negative_leverage,292,0.0255363102318787,-0.2626328303449167,review_2024_25
2025-02-28,cashflow_assets,292,0.07401001406084765,0.018968223863022375,review_2024_25
2025-02-28,profit_assets,292,0.06441914024830474,-0.15116547526838395,review_2024_25
2025-02-28,negative_leverage,292,-0.027348341611708984,-0.26381659712358174,review_2024_25
2025-03-31,cashflow_assets,295,-0.19246412092709242,0.02170762945581348,review_2024_25
2025-03-31,profit_assets,295,-0.2250634424932433,-0.08662624921704826,review_2024_25
2025-03-31,negative_leverage,295,-0.10351982551621049,-0.2684374620209972,review_2024_25
2025-04-30,cashflow_assets,293,-0.06355596838160353,0.08880208308485861,review_2024_25
2025-04-30,profit_assets,293,-0.0562314866365126,-0.010291862782796042,review_2024_25
2025-04-30,negative_leverage,293,-0.15809488097301524,-0.273402979406733,review_2024_25
2025-05-30,cashflow_assets,286,-0.1630526294055931,0.09061516147523849,review_2024_25
2025-05-30,profit_assets,286,-0.21949426946535922,-0.00861244019138756,review_2024_25
2025-05-30,negative_leverage,286,-0.23865329005440072,-0.277785116039288,review_2024_25
2025-06-30,cashflow_assets,295,-0.0736514618587352,0.07780109753475373,review_2024_25
2025-06-30,profit_assets,295,-0.04272486406144729,-0.0006534725663054962,review_2024_25
2025-06-30,negative_leverage,295,0.07529005152173755,-0.27550319257341055,review_2024_25
2025-07-31,cashflow_assets,293,0.21579564548246716,0.07381535998381775,review_2024_25
2025-07-31,profit_assets,293,0.24025700794133165,-0.00019989294516254306,review_2024_25
2025-07-31,negative_leverage,293,0.24136333667601412,-0.26711517745627406,review_2024_25
2025-08-29,cashflow_assets,294,0.13305858005839,0.10348061478307989,review_2024_25
2025-08-29,profit_assets,294,0.2267356737338309,0.03914584865588511,review_2024_25
2025-08-29,negative_leverage,294,0.26240527564065486,-0.22900610698377807,review_2024_25
2025-09-30,cashflow_assets,297,-0.03931755397140413,0.10389446798842773,review_2024_25
2025-09-30,profit_assets,297,-0.21661482254747372,0.05702590937490268,review_2024_25
2025-09-30,negative_leverage,297,-0.22638787035415017,-0.20492976197674187,review_2024_25
2025-10-31,cashflow_assets,295,0.05233623453962438,0.110807071339759,review_2024_25
2025-10-31,profit_assets,295,0.02764263744893285,0.04036057849617173,review_2024_25
2025-10-31,negative_leverage,295,-0.11476249684482132,-0.22206241177185493,review_2024_25
2025-11-28,cashflow_assets,283,0.08197150298604948,0.12832721462221944,review_2024_25
2025-11-28,profit_assets,283,0.03770684901734216,0.027638502241174284,review_2024_25
2025-11-28,negative_leverage,283,0.01163975964421827,-0.2399448945382694,review_2024_25
2025-12-31,cashflow_assets,297,0.05547975394702479,0.11874733183458017,review_2024_25
2025-12-31,profit_assets,297,0.07811862481593429,0.03146602978817744,review_2024_25
2025-12-31,negative_leverage,297,0.24785083831362473,-0.2344458552512244,review_2024_25
2026-01-30,cashflow_assets,297,-0.0014765377194466208,0.1304442025918536,seen_2026
2026-01-30,profit_assets,297,0.01104185458817442,0.039488848213680434,seen_2026
2026-01-30,negative_leverage,297,-0.005863551837020689,-0.19670219334648867,seen_2026
2026-02-27,cashflow_assets,297,0.043450563526907716,0.12926654537392793,seen_2026
2026-02-27,profit_assets,297,0.050902418308610003,0.03662509367207354,seen_2026
2026-02-27,negative_leverage,297,-0.15035331438286859,-0.1996025922200419,seen_2026
2026-03-31,cashflow_assets,298,0.026736580865556647,0.16996364851631848,seen_2026
2026-03-31,profit_assets,298,0.08952422929662497,0.07391664847165284,seen_2026
2026-03-31,negative_leverage,298,0.10535853926574672,-0.215480431120933,seen_2026
2026-04-30,cashflow_assets,299,0.050104374761509286,0.1900298534264102,seen_2026
2026-04-30,profit_assets,299,0.1319292496240264,0.1453219905277098,seen_2026
2026-04-30,negative_leverage,299,0.014260510426253058,-0.18128257502637427,seen_2026
2026-05-29,cashflow_assets,281,-0.12297050265551815,0.2026187411437657,seen_2026
2026-05-29,profit_assets,281,-0.02931778602256379,0.1665804930285887,seen_2026
2026-05-29,negative_leverage,281,-0.056176919166243004,-0.11415699466733008,seen_2026
2026-06-30,cashflow_assets,299,0.15245808174900674,0.1340571479876995,seen_2026
2026-06-30,profit_assets,299,0.04918183654687886,0.14252744046149357,seen_2026
2026-06-30,negative_leverage,299,-0.035156562142263925,-0.09371776166640479,seen_2026
2026-07-31,cashflow_assets,300,0.0120385795440594,0.1803513372370804,seen_2026
2026-07-31,profit_assets,300,0.034584832563121205,0.15605862287358746,seen_2026
2026-07-31,negative_leverage,300,0.008161424922657515,-0.13244102712252356,seen_2026
