year,periods,gross,benchmark,net,turnover,net_excess_bps,skipped_periods,window,holding_days
2020,7,-0.006761697656390376,-0.006587822138598032,-0.008820008380660802,1.3722071495136183,-22.321862420627706,0,3_3_3,1
2022,4,-9.389639955446227e-05,-0.00181934732238163,-0.0022321099302098535,1.425475687103594,-4.127626078282234,0,3_3_3,1
2023,10,0.0024206034403221454,0.0029553730372208695,0.000404899148395505,1.3438028612844266,-25.504738888253645,0,3_3_3,1
2024,4,-0.007178264781832016,-0.005444706981770698,-0.009023714731275898,1.230299966295922,-35.790077495051996,0,3_3_3,1
2025,1,0.012469448191093873,0.014398523932171722,0.009688960386215823,1.853658536585366,-47.095635459558984,0,3_3_3,1
2026,3,-0.005623164764050337,0.00154449258803638,-0.008002955704816888,1.586527293844367,-95.47448292853268,0,3_3_3,1
2022,1,-0.009361175835916969,-0.005273277273135567,-0.010861175835916968,1.0,-55.87898562781401,0,3_3_3,5
2023,1,0.006957965928381382,0.005087249182406869,0.004396990318625284,1.7073170731707317,-6.902588637815853,0,3_3_3,5
2024,1,-0.018129153977016657,-0.010176672876294365,-0.02061695885506544,1.6585365853658538,-104.40285978771075,0,3_3_3,5
2020,225,0.0015185259981863384,0.0010457644902405717,0.0005441812298239605,0.6495631789082521,-5.015832604166112,3,5_5_3,1
2021,238,0.00021352673253720113,0.00028211845212600134,-0.0007384699905370382,0.634664482049493,-10.205884426630394,5,5_5_3,1
2022,239,-0.0003870531443126168,-0.0005540990307426334,-0.001351101937127312,0.6426991952097966,-7.970029063846785,2,5_5_3,1
2023,242,-0.000373811096980343,-0.00031664864425046596,-0.0013435967515408786,0.6465237697070235,-10.269481072904126,0,5_5_3,1
2024,235,0.00040151710875393457,0.000661286626303739,-0.0005767448503981524,0.6521746394347246,-12.380314767018914,2,5_5_3,1
2025,236,0.0011646404612069953,0.0011332821747745555,0.00021293619502331837,0.634469510789118,-9.203459797512371,7,5_5_3,1
2026,178,-0.00029107062047407163,-0.0004615746990106802,-0.0012621692478972468,0.6473990849487835,-8.005945488865667,3,5_5_3,1
2020,44,0.00689898629396101,0.005831203826613027,0.00466983555822484,1.4861004904907802,-11.61368268388187,3,5_5_3,5
2021,48,-0.0013782259787186591,-0.0002677843771952228,-0.0036282775411354416,1.5000343749445217,-33.60493163940219,1,5_5_3,5
2022,48,-0.002313132799881537,-0.002832059903534256,-0.004604134543063985,1.5273344954549648,-17.720746395297283,0,5_5_3,5
2023,48,-0.002017766234100101,-0.002202547729473724,-0.0043074427752431595,1.5264510274287055,-21.048950457694353,0,5_5_3,5
2024,47,0.009515891423140863,0.007845443180088053,0.007244711370686996,1.5141200349692452,-6.007318094010568,1,5_5_3,5
2025,44,0.005080032290456926,0.006002442018727457,0.0028404040770955877,1.4930854755742253,-31.620379416318695,4,5_5_3,5
2026,34,0.001675078676514714,-0.0012073292376366947,-0.0005601075044966452,1.4901241206742395,6.472217331400494,3,5_5_3,5
2020,216,0.0018097654175768594,0.0013808152271056857,0.0012882769942064146,0.3476589489136299,-0.9253823289927113,5,10_10_5,1
2021,238,8.439953740912045e-05,0.00017359620023555108,-0.0004047589156533752,0.3261056353749971,-5.783551158889263,5,10_10_5,1
2022,242,-7.678946171151991e-05,-0.0006669646868707208,-0.0005760310943387325,0.3328277550848084,0.9093359253198828,0,10_10_5,1
2023,242,-0.0006958126380399709,-0.0003523623839557713,-0.0011982643741069087,0.33496782404462516,-8.459019901511374,0,10_10_5,1
2024,238,0.000883939056460656,0.0007334686749572956,0.00038891850553183154,0.3300137006192162,-3.4455016942546406,4,10_10_5,1
2025,237,0.0006515210495906765,0.0010905598461632832,0.00017695637582829267,0.3163764491749225,-9.136034703349905,6,10_10_5,1
2026,178,-0.00022464694247851575,-0.00030747645244033877,-0.0007222711366891306,0.33174946280707657,-4.147946842487919,3,10_10_5,1
2020,42,0.00871412159232964,0.006382013370907489,0.0070873891612868644,1.0844882873618507,7.053757903793751,2,10_10_5,5
2021,47,0.0003418786925252934,4.0698786452973344e-05,-0.0012412688664941774,1.0554317060129803,-12.819676529471508,2,10_10_5,5
2022,47,-0.00121643063863536,-0.0030262141780908057,-0.002785241372407794,1.0458738225149558,2.409728056830115,1,10_10_5,5
2023,48,-0.004070543545626846,-0.002183278413636976,-0.005711145802382851,1.0937348378373364,-35.27867388745875,0,10_10_5,5
2024,47,0.004880016905441057,0.0050538708179177225,0.0032850225390543167,1.0633295775911602,-17.688482788634058,2,10_10_5,5
2025,46,0.0024638220303788397,0.0050225099175473945,0.0009525900762654157,1.0074879694089491,-40.69919841281979,2,10_10_5,5
2026,35,-0.0009157595806065817,-0.000786681854454284,-0.002501113947152487,1.0569029110306032,-17.144320926982033,2,10_10_5,5
