year,quintile,periods,mean_names,valid_fraction,gross_excess_bps
2020,1,44,54.47727272727273,1.0,10.67782467347983
2020,2,44,54.81818181818182,0.9983416252072969,-14.633597597237342
2020,3,44,54.75,0.9987546699875467,-7.399350751382621
2020,4,44,54.81818181818182,0.9987562189054726,8.658153625647719
2020,5,44,55.20454545454545,0.9987649238369699,2.9257010869084694
2021,1,48,54.0625,1.0,-11.104416015234365
2021,2,48,54.416666666666664,0.9992343032159265,14.154139037898176
2021,3,48,54.458333333333336,0.9992348890589136,3.05911295054567
2021,4,48,54.416666666666664,0.9973200612557427,-10.533994455577966
2021,5,48,54.8125,0.9984796655264158,4.1444383712840915
2022,1,48,53.9375,1.0,5.189271036527193
2022,2,48,54.458333333333336,0.9988523335883703,1.7940692035523682
2022,3,48,54.291666666666664,0.9992325402916347,4.350501825802412
2022,4,48,54.458333333333336,0.9992348890589136,9.3061707303848
2022,5,48,54.729166666666664,0.99885801294252,-20.346295416212527
2023,1,48,54.083333333333336,1.0,1.8478149537362345
2023,2,48,54.5,1.0,-17.09102158836667
2023,3,48,54.541666666666664,1.0,1.0444032738288573
2023,4,48,54.5,1.0,8.15023286620064
2023,5,48,54.916666666666664,0.9996206373292867,5.896477953245835
2024,1,47,53.723404255319146,1.0,16.704482430528106
2024,2,47,54.04255319148936,0.9988188976377953,22.230660401189425
2024,3,47,54.170212765957444,0.9996072270227808,-13.963882605318647
2024,4,47,54.04255319148936,0.9996062992125985,-8.964359587840812
2024,5,47,54.53191489361702,0.9988294966835739,-15.692204221156096
2025,1,44,54.31818181818182,1.0,-9.224097282705314
2025,2,44,54.79545454545455,0.9987557030277893,6.690260663401765
2025,3,44,54.77272727272727,0.9995850622406639,-0.5907956404964492
2025,4,44,54.79545454545455,0.9987557030277893,2.339451606652204
2025,5,44,55.15909090909091,0.9983518747424804,0.5939304711619168
2026,1,34,53.11764705882353,1.0,28.82407914151409
2026,2,34,53.588235294117645,1.0,15.032715607463476
2026,3,34,53.470588235294116,1.0,-10.170631214470776
2026,4,34,53.588235294117645,0.9978046103183315,-7.144907860900586
2026,5,34,54.0,1.0,-26.0219108879212
