smooth,hold,breadth,years,weakest_year,mean_net
1,5,0.2,4,-33.82132357066855,-21.16701310179377
1,5,0.4,4,-25.59021152795945,-19.45440495849378
1,10,0.2,4,-44.55238930215324,-21.595779938509995
1,10,0.4,4,-29.372039414488796,-19.0564335747155
5,5,0.2,4,-34.88436827789944,-20.317720647291818
5,5,0.4,4,-20.470651262130577,-15.15364768373345
5,10,0.2,4,-54.32846793992665,-14.083321460239151
5,10,0.4,4,-30.282314516095482,-15.970526729719097
10,5,0.2,4,-29.831759252954956,-12.18700722186045
10,5,0.4,4,-25.003231305679794,-13.258236270350766
10,10,0.2,4,-42.837897490848775,-8.974410035135817
10,10,0.4,4,-30.13538002135082,-8.580975109013346
