factor_id,common_dates,mean_rank_ic,median_rank_ic,positive_day_fraction,coverage
F17,221,0.04423333011790249,0.04661654135338346,0.5927601809954751,1.0
F18,221,0.020895409762108894,0.037593984962406006,0.5294117647058824,1.0
F14,221,0.019714196820104085,0.02687944410982531,0.5248868778280543,1.0
F15,221,0.019633041600937224,0.03626791000566401,0.5339366515837104,1.0
F19,221,0.007528674300246411,-0.009022556390977442,0.49321266968325794,1.0
F10,221,-0.0021099058863578634,-0.019548872180451125,0.4796380090497738,1.0
F12,221,-0.012018126757875027,-0.013533834586466165,0.48868778280542985,1.0
F01,221,-0.015267822722814675,-0.037593984962406006,0.46153846153846156,1.0
F09,221,-0.016896697651882963,-0.03157894736842105,0.4841628959276018,1.0
F11,221,-0.028314487819370408,-0.02706766917293233,0.45701357466063347,1.0
F08,221,-0.059559531813848834,-0.08270676691729321,0.3891402714932127,1.0
