window,horizon,period,days,mean_ic,positive_fraction,mean_names
4,1,all,1630,0.012282194650450573,0.5392638036809816,298.8055214723926
4,1,discovery_2020_23,966,0.013121714355429826,0.5424430641821946,298.76501035196685
4,1,review_2024_25,485,0.014143564288576448,0.5463917525773195,298.8288659793814
4,1,seen_2026,179,0.0027082264409477525,0.5027932960893855,298.9608938547486
4,5,all,1626,0.0102263139874682,0.540590405904059,298.62546125461256
4,5,discovery_2020_23,966,0.005773141945420042,0.5238095238095238,298.58178053830227
4,5,review_2024_25,485,0.013661491798931164,0.5505154639175258,298.6309278350515
4,5,seen_2026,175,0.0252874737249481,0.6057142857142858,298.8514285714286
6,1,all,1628,0.013530471003637228,0.5411547911547911,298.43243243243245
6,1,discovery_2020_23,964,0.012025044756317873,0.5311203319502075,298.3278008298755
6,1,review_2024_25,485,0.016576053131736514,0.5752577319587628,298.5484536082474
6,1,seen_2026,179,0.013385909943791997,0.5027932960893855,298.6815642458101
6,5,all,1624,0.011136390206606592,0.5375615763546798,298.253078817734
6,5,discovery_2020_23,964,0.00711114288235833,0.5155601659751037,298.14522821576764
6,5,review_2024_25,485,0.010388380455406352,0.5484536082474227,298.35051546391753
6,5,seen_2026,175,0.03538280820607768,0.6285714285714286,298.57714285714286
10,1,all,1624,0.011806111340472379,0.5350985221674877,297.6865763546798
10,1,discovery_2020_23,960,0.012343430503733429,0.5385416666666667,297.45
10,1,review_2024_25,485,0.010169247409291697,0.534020618556701,297.9876288659794
10,1,seen_2026,179,0.013359477876181991,0.5195530726256983,298.13966480446925
10,5,all,1620,0.012710526521040443,0.5395061728395062,297.50555555555553
10,5,discovery_2020_23,960,0.010131534846363874,0.5302083333333333,297.26666666666665
10,5,review_2024_25,485,0.007219988843399867,0.5195876288659794,297.7896907216495
10,5,seen_2026,175,0.042074770985870064,0.6457142857142857,298.0285714285714
